name,brand,link,rating,votes,genre
Imagination,Louis Vuitton,https://www.parfumo.com/Perfumes/Louis_Vuitton/imagination,8.9,8802,Men
Layton,Parfums de Marly,https://www.parfumo.com/Perfumes/Parfums_de_Marly/Layton,8.6,8626,Men
Dior Homme Intense (2011),Dior,https://www.parfumo.com/Perfumes/Dior/Dior_Homme_Intense_2011,8.5,8411,Men
Aventus,Creed,https://www.parfumo.com/Perfumes/Creed/aventus,8.4,8216,Men
Reflection Man,Amouage,https://www.parfumo.com/Perfumes/Amouage/Reflection_Man,8.6,6191,Men
L'Homme,Prada,https://www.parfumo.com/Perfumes/Prada/L_Homme,8.4,7483,Men
Spicebomb Extreme,Viktor & Rolf,https://www.parfumo.com/Perfumes/Viktor_Rolf/Spicebomb_Extreme,8.4,6348,Men
Le Mâle Le Parfum,Jean Paul Gaultier,https://www.parfumo.com/Perfumes/Jean_Paul_Gaultier/le-male-le-parfum,8.4,5241,Men
La Nuit de L'Homme  Eau de Toilette,Yves Saint Laurent,https://www.parfumo.com/Perfumes/Yves_Saint_Laurent/La_Nuit_de_L_Homme_Eau_de_Toilette,8.4,5088,Men
Althaïr,Parfums de Marly,https://www.parfumo.com/Perfumes/Parfums_de_Marly/althair,8.4,4857,Men
The One for Men (2015)  Eau de Parfum,Dolce & Gabbana,https://www.parfumo.com/Perfumes/Dolce_Gabbana/the-one-for-men-eau-de-parfum-2015,8.4,4406,Men
Noir Extreme  Eau de Parfum,Tom Ford,https://www.parfumo.com/Perfumes/Tom_Ford/noir-extreme-eau-de-parfum,8.4,4261,Men
Bleu de Chanel  Eau de Parfum,Chanel,https://www.parfumo.com/Perfumes/Chanel/Bleu_de_Chanel_Eau_de_Parfum,8.2,5435,Men
Acqua di Giò Profumo  Parfum,Giorgio Armani,https://www.parfumo.com/Perfumes/Giorgio_Armani/Acqua_di_Gio_Profumo,8.3,4920,Men
Emporio Armani - Stronger with You Intensely,Giorgio Armani,https://www.parfumo.com/Perfumes/Giorgio_Armani/emporio-armani-stronger-with-you-intensely,8.3,4631,Men
Dior Homme Parfum (2014),Dior,https://www.parfumo.com/Perfumes/Dior/dior-homme-parfum-2014,8.7,2918,Men
Terre d'Hermès  Eau de Toilette,Hermès,https://www.parfumo.com/Perfumes/Hermes/Terre_d_Hermes_Eau_de_Toilette,8.1,5023,Men
Allure Homme Sport Eau Extrême,Chanel,https://www.parfumo.com/Perfumes/Chanel/Allure_Homme_Sport_Eau_Extrme,8.3,4151,Men
L'Homme Idéal  Eau de Parfum,Guerlain,https://www.parfumo.com/Perfumes/Guerlain/L_Homme_Ideal_Eau_de_Parfum,8.4,3561,Men
Allure Homme Édition Blanche  Eau de Parfum,Chanel,https://www.parfumo.com/Perfumes/Chanel/Allure_Homme_Edition_Blanche_Eau_de_Parfum,8.5,2877,Men
Le Mâle Elixir,Jean Paul Gaultier,https://www.parfumo.com/Perfumes/Jean_Paul_Gaultier/le-male-elixir,8.3,3505,Men
Elysium pour Homme  Eau de Parfum,Roja Parfums,https://www.parfumo.com/Perfumes/Roja_Parfums/elysium-pour-homme-eau-de-parfum-1,8.4,3048,Men
Luna Rossa Black,Prada,https://www.parfumo.com/Perfumes/Prada/Luna_Rossa_Black,8.3,3374,Men
Sauvage Elixir,Dior,https://www.parfumo.com/Perfumes/Dior/sauvage-elixir,8.1,3951,Men
Reflection 45,Amouage,https://www.parfumo.com/Perfumes/Amouage/reflection-45,8.8,1948,Men
Turathi (Blue),Afnan Perfumes,https://www.parfumo.com/Perfumes/Afnan_Perfumes/turathi-blue,8.1,3537,Men
Jubilation XXV Man,Amouage,https://www.parfumo.com/Perfumes/Amouage/Jubilation_25_for_Men,8.3,2751,Men
Bleu de Chanel Parfum,Chanel,https://www.parfumo.com/Perfumes/Chanel/Bleu_de_Chanel_Parfum,8.3,2725,Men
Jump Up and Kiss Me Hedonistic,Clive Christian,https://www.parfumo.com/Perfumes/Clive_Christian/jump-up-and-kiss-me-hedonistic,8.9,1636,Men
Sauvage  Eau de Toilette,Dior,https://www.parfumo.com/Perfumes/Dior/Sauvage_Eau_de_Toilette,7.5,6377,Men
Layton Exclusif,Parfums de Marly,https://www.parfumo.com/Perfumes/Parfums_de_Marly/Layton_Exclusif,8.3,2640,Men
L'Homme Intense,Prada,https://www.parfumo.com/Perfumes/Prada/L_Homme_Intense,8.4,2454,Men
La Nuit de L'Homme Bleu Électrique,Yves Saint Laurent,https://www.parfumo.com/Perfumes/Yves_Saint_Laurent/la-nuit-de-l-homme-bleu-electrique,8.5,2070,Men
Valentino Uomo Intense (2016),Valentino,https://www.parfumo.com/Perfumes/Valentino/valentino-uomo-intense-2016,8.3,2302,Men
Ultra Mâle,Jean Paul Gaultier,https://www.parfumo.com/Perfumes/Jean_Paul_Gaultier/Ultra_Male,7.9,3433,Men
Sunrise on the Red Sand Dunes  Eau de Parfum,Zara,https://www.parfumo.com/Perfumes/Zara/sunrise-on-the-red-sand-dunes-eau-de-parfum,8.0,3072,Men
Versace pour Homme Dylan Blue  Eau de Toilette,Versace,https://www.parfumo.com/Perfumes/Versace/Versace_pour_Homme_Dylan_Blue_Eau_de_Toilette,7.7,4357,Men
Elysium pour Homme  Parfum,Roja Parfums,https://www.parfumo.com/Perfumes/Roja_Parfums/Elysium_pour_Homme_Parfum,8.8,1431,Men
Le Mâle  Eau de Toilette,Jean Paul Gaultier,https://www.parfumo.com/Perfumes/Jean_Paul_Gaultier/Le_Male_Eau_de_Toilette,7.6,4628,Men
Explorer,Montblanc,https://www.parfumo.com/Perfumes/Montblanc/Explorer,7.8,3632,Men
Dior Homme Original (2011)  Eau de Toilette,Dior,https://www.parfumo.com/Perfumes/Dior/dior-homme-original-2011-eau-de-toilette,8.5,1895,Men
Green Irish Tweed,Creed,https://www.parfumo.com/Perfumes/Creed/Green_Irish_Tweed,8.1,2578,Men
Terre d'Hermès  Parfum,Hermès,https://www.parfumo.com/Perfumes/Hermes/Terre_d_Hermes_Parfum,8.2,2239,Men
Encre Noire  Eau de Toilette,Lalique,https://www.parfumo.com/Perfumes/Lalique/Encre_Noire_Eau_de_Toilette,7.7,3663,Men
Sedley,Parfums de Marly,https://www.parfumo.com/Perfumes/Parfums_de_Marly/Sedley,8.1,2491,Men
Eros  Eau de Toilette,Versace,https://www.parfumo.com/Perfumes/Versace/Eros_Eau_de_Toilette,7.5,4617,Men
Fahrenheit  Eau de Toilette,Dior,https://www.parfumo.com/Perfumes/Dior/Fahrenheit_Eau_de_Toilette,7.9,3010,Men
Club de Nuit Intense Man  Eau de Toilette,Armaf,https://www.parfumo.com/Perfumes/Armaf/club-de-nuit-intense-man-eau-de-toilette,7.5,4046,Men
Percival,Parfums de Marly,https://www.parfumo.com/Perfumes/Parfums_de_Marly/Percival,7.9,2690,Men
Club Black  Eau de Toilette,Mercedes-Benz,https://www.parfumo.com/Perfumes/Mercedes_Benz/club-black-eau-de-toilette,8.2,2012,Men
Gentleman Givenchy Réserve Privée,Givenchy,https://www.parfumo.com/Perfumes/Givenchy/gentleman-givenchy-reserve-privee,8.3,1926,Men
Y  Eau de Parfum,Yves Saint Laurent,https://www.parfumo.com/Perfumes/Yves_Saint_Laurent/Y_Eau_de_Parfum,7.5,4018,Men
Sauvage  Eau de Parfum,Dior,https://www.parfumo.com/Perfumes/Dior/Sauvage_Eau_de_Parfum,7.8,3134,Men
L'Instant de Guerlain pour Homme  Eau de Parfum,Guerlain,https://www.parfumo.com/Perfumes/Guerlain/L_Instant_de_Guerlain_pour_Homme_Eau_de_Parfum,8.3,1814,Men
Emporio Armani - Stronger With You Absolutely,Giorgio Armani,https://www.parfumo.com/Perfumes/Giorgio_Armani/emporio-armani-stronger-with-you-absolutely,8.2,1880,Men
Haltane,Parfums de Marly,https://www.parfumo.com/Perfumes/Parfums_de_Marly/haltane,8.3,1861,Men
Boss Bottled Absolu,Hugo Boss,https://www.parfumo.com/Perfumes/Hugo_Boss/boss-bottled-absolu,8.4,1598,Men
Richwood,Xerjoff,https://www.parfumo.com/Perfumes/Xerjoff/richwood,8.4,1546,Men
Acqua di Giò pour Homme  Eau de Toilette,Giorgio Armani,https://www.parfumo.com/Perfumes/Giorgio_Armani/Acqua_di_Gio_pour_Homme_Eau_de_Toilette,7.8,2808,Men
Allure Homme Sport  Eau de Toilette,Chanel,https://www.parfumo.com/Perfumes/Chanel/Allure_Homme_Sport_Eau_de_Toilette,7.9,2402,Men
Égoïste  Eau de Toilette,Chanel,https://www.parfumo.com/Perfumes/Chanel/Egoiste_Eau_de_Toilette,8.1,1990,Men
Boss Bottled  Eau de Toilette,Hugo Boss,https://www.parfumo.com/Perfumes/Hugo_Boss/Boss_Bottled_Eau_de_Toilette,7.4,3817,Men
Eros Flame,Versace,https://www.parfumo.com/Perfumes/Versace/Eros_Flame,7.7,2711,Men
The Most Wanted Parfum,Azzaro,https://www.parfumo.com/Perfumes/Azzaro/the-most-wanted-parfum,8.3,1578,Men
Terre d'Hermès Eau Givrée,Hermès,https://www.parfumo.com/Perfumes/Hermes/terre-d-hermes-eau-givree,8.3,1557,Men
Platinum Égoïste  Eau de Toilette,Chanel,https://www.parfumo.com/Perfumes/Chanel/Platinum_Egoiste_Eau_de_Toilette,8.1,1828,Men
Bleu de Chanel  Eau de Toilette,Chanel,https://www.parfumo.com/Perfumes/Chanel/Bleu_de_Chanel,7.7,2740,Men
Enigma pour Homme  Parfum,Roja Parfums,https://www.parfumo.com/Perfumes/Roja_Parfums/Enigma_pour_Homme_Creation_E_pour_Homme_Parfum,8.7,1102,Men
Acqua di Giò Parfum,Giorgio Armani,https://www.parfumo.com/Perfumes/Giorgio_Armani/acqua-di-gio-parfum,8.3,1581,Men
Beau de Jour  Eau de Parfum,Tom Ford,https://www.parfumo.com/Perfumes/Tom_Ford/beau-de-jour-eau-de-parfum,8.2,1698,Men
Moustache  Eau de Parfum,Rochas,https://www.parfumo.com/Perfumes/Rochas/Moustache_Eau_de_Parfum,8.1,1871,Men
9pm,Afnan Perfumes,https://www.parfumo.com/Perfumes/Afnan_Perfumes/9pm,7.9,2243,Men
L'Immensité,Louis Vuitton,https://www.parfumo.com/Perfumes/Louis_Vuitton/L_Immensite,8.1,1826,Men
Light Blue pour Homme Eau Intense,Dolce & Gabbana,https://www.parfumo.com/Perfumes/Dolce_Gabbana/Light_Blue_pour_Homme_Eau_Intense,7.6,2807,Men
Oud Save the King  Eau de Parfum,Atkinsons,https://www.parfumo.com/Perfumes/Atkinsons/oud-save-the-king-eau-de-parfum,8.3,1511,Men
Le Beau Le Parfum,Jean Paul Gaultier,https://www.parfumo.com/Perfumes/Jean_Paul_Gaultier/le-beau-le-parfum,8.0,1954,Men
masculin Pluriel,Maison Francis Kurkdjian,https://www.parfumo.com/Perfumes/Maison_Francis_Kurkdjian/masculin-pluriel,8.2,1646,Men
Gentleman Givenchy  Eau de Parfum,Givenchy,https://www.parfumo.com/Perfumes/Givenchy/Gentleman_Givenchy_Eau_de_Parfum,8.0,1814,Men
Dior Homme Cologne (2013),Dior,https://www.parfumo.com/Perfumes/Dior/Dior_Homme_Cologne_2013,8.2,1500,Men
Cool Water  Eau de Toilette,Davidoff,https://www.parfumo.com/Perfumes/Davidoff/Cool_Water_Eau_de_Toilette,7.2,3931,Men
A*Men Pure Havane,Mugler,https://www.parfumo.com/Perfumes/mugler/AMen_Pure_Havane,8.3,1429,Men
Pardon  Extrait de Parfum,Nasomatto,https://www.parfumo.com/Perfumes/Nasomatto/Pardon,8.2,1453,Men
Interlude Man,Amouage,https://www.parfumo.com/Perfumes/Amouage/Interlude_Man,7.8,2096,Men
Spicebomb,Viktor & Rolf,https://www.parfumo.com/Perfumes/Viktor_Rolf/Spicebomb,7.8,2146,Men
Bentley for Men Intense,Bentley,https://www.parfumo.com/Perfumes/Bentley/Bentley_for_Men_Intense,7.6,2554,Men
Antaeus  Eau de Toilette,Chanel,https://www.parfumo.com/Perfumes/Chanel/Antaeus_Eau_de_Toilette,8.1,1561,Men
Sun Men  Eau de Toilette,Jil Sander,https://www.parfumo.com/Perfumes/Jil_Sander/Sun_Men_Eau_de_Toilette,7.5,2711,Men
Missoni Wave,Missoni,https://www.parfumo.com/Perfumes/Missoni/missoni-wave,8.0,1735,Men
Oud for Glory,Lattafa,https://www.parfumo.com/Perfumes/Lattafa/oud-for-glory,7.6,2555,Men
Versace pour Homme  Eau de Toilette,Versace,https://www.parfumo.com/Perfumes/Versace/Versace_pour_Homme,7.7,2096,Men
L'Homme  Eau de Toilette,Yves Saint Laurent,https://www.parfumo.com/Perfumes/Yves_Saint_Laurent/l-homme-eau-de-toilette,8.0,1551,Men
Amyris Homme  Extrait de Parfum,Maison Francis Kurkdjian,https://www.parfumo.com/Perfumes/Maison_Francis_Kurkdjian/amyris-homme-extrait-de-parfum,8.4,1168,Men
Club de Nuit Intense Man Limited Edition,Armaf,https://www.parfumo.com/Perfumes/Armaf/club-de-nuit-intense-man-limited-edition,8.2,1324,Men
Asad,Lattafa,https://www.parfumo.com/Perfumes/Lattafa/asad-1,7.7,2188,Men
The Tragedy of Lord George,Penhaligon's,https://www.parfumo.com/Perfumes/Penhaligons/the-tragedy-of-lord-george,8.1,1459,Men
Epic Man,Amouage,https://www.parfumo.com/Perfumes/Amouage/Epic_Man,8.0,1505,Men
Eau Sauvage  Eau de Toilette,Dior,https://www.parfumo.com/Perfumes/Dior/Eau_Sauvage_Eau_de_Toilette,8.2,1345,Men
Intoxicated,Kilian,https://www.parfumo.com/Perfumes/Kilian/Intoxicated,8.1,1377,Men
The Dreamer  Eau de Toilette,Versace,https://www.parfumo.com/Perfumes/Versace/The_Dreamer_Eau_de_Toilette,7.6,2117,Men
L'Eau d'Issey pour Homme  Eau de Toilette,Issey Miyake,https://www.parfumo.com/Perfumes/Issey_Miyake/L_Eau_d_Issey_pour_Homme_Eau_de_Toilette,7.7,2096,Men
1888,Casamorati,https://www.parfumo.com/Perfumes/casamorati/1888,8.2,1294,Men
Sunshine Man,Amouage,https://www.parfumo.com/Perfumes/Amouage/Sunshine_Man,8.0,1527,Men
Hawas for Him,Rasasi,https://www.parfumo.com/Perfumes/Rasasi/Hawas_for_Men,7.7,1936,Men
Ambassador for Men,Gisada,https://www.parfumo.com/Perfumes/Gisada/ambassador-for-men,7.5,2300,Men
Valentino Uomo Intense,Valentino,https://www.parfumo.com/Perfumes/Valentino/valentino-uomo-intense,8.6,898,Men
Viking,Creed,https://www.parfumo.com/Perfumes/Creed/Viking,7.8,1778,Men
Bvlgari Man In Black,Bvlgari,https://www.parfumo.com/Perfumes/Bvlgari/Bvlgari_Man_In_Black,7.9,1544,Men
Marwa,Arabiyat Prestige,https://www.parfumo.com/Perfumes/arabiyat-prestige/marwa,8.6,866,Men
Sculpture Homme  Eau de Toilette,Nikos,https://www.parfumo.com/Perfumes/Nikos/Sculpture_Homme_Eau_de_Toilette,7.6,2031,Men
Zino  Eau de Toilette,Davidoff,https://www.parfumo.com/Perfumes/Davidoff/Zino_Eau_de_Toilette,7.8,1746,Men
Eros  Eau de Parfum,Versace,https://www.parfumo.com/Perfumes/Versace/eros-eau-de-parfum,7.7,1768,Men
Mefisto,Casamorati,https://www.parfumo.com/Perfumes/casamorati/mefisto,7.9,1514,Men
Aqua de Dora,Pana Dora,https://www.parfumo.com/Perfumes/pana-dora/aqua-de-dora,8.3,1064,Men
Homme Anniversary,Xerjoff,https://www.parfumo.com/Perfumes/Xerjoff/homme-anniversary,8.7,783,Men
Dior Homme Sport (2021),Dior,https://www.parfumo.com/Perfumes/Dior/dior-homme-sport-2021,8.0,1312,Men
Nouveau Monde,Louis Vuitton,https://www.parfumo.com/Perfumes/Louis_Vuitton/Nouveau_Monde,8.1,1250,Men
Duro  Extrait de Parfum,Nasomatto,https://www.parfumo.com/Perfumes/Nasomatto/Duro,8.1,1262,Men
Dior Homme (2020)  Eau de Toilette,Dior,https://www.parfumo.com/Perfumes/Dior/dior-homme-2020-eau-de-toilette,7.8,1668,Men
L'Homme Idéal Extrême,Guerlain,https://www.parfumo.com/Perfumes/Guerlain/l-homme-ideal-extreme,8.3,1068,Men
Luna Rossa Carbon  Eau de Toilette,Prada,https://www.parfumo.com/Perfumes/Prada/luna-rossa-carbon-eau-de-toilette,7.8,1575,Men
The One for Men  Eau de Toilette,Dolce & Gabbana,https://www.parfumo.com/Perfumes/Dolce_Gabbana/The_One_for_Men,7.9,1470,Men
Eau Sauvage Parfum (2017),Dior,https://www.parfumo.com/Perfumes/Dior/Eau_Sauvage_Parfum_2017,8.3,1054,Men
Guilty Elixir de Parfum pour Homme,Gucci,https://www.parfumo.com/Perfumes/Gucci/guilty-elixir-de-parfum-pour-homme,8.1,1160,Men
Supremacy Not Only Intense,Afnan Perfumes,https://www.parfumo.com/Perfumes/Afnan_Perfumes/supremacy-not-only-intense,8.1,1192,Men
Interlude Black Iris,Amouage,https://www.parfumo.com/Perfumes/Amouage/interlude-black-iris,8.2,1104,Men
Insurrection II Wild,Reyane Tradition,https://www.parfumo.com/Perfumes/Reyane_Tradition/Insurrection_II_Wild,8.2,1028,Men
Encre Noire à L'Extrême,Lalique,https://www.parfumo.com/Perfumes/Lalique/Encre_Noire__L_Extrme,7.9,1308,Men
Oud  Eau de Parfum,Acqua di Parma,https://www.parfumo.com/Perfumes/Acqua_di_Parma/oud-eau-de-parfum,8.2,1062,Men
L'Homme L'Eau,Prada,https://www.parfumo.com/Perfumes/Prada/L_Homme_L_Eau,8.2,1044,Men
Emporio Armani - Stronger With You,Giorgio Armani,https://www.parfumo.com/Perfumes/Giorgio_Armani/Emporio_Armani_Stronger_With_You,7.5,1956,Men
Vendetta,Marc Gebauer,https://www.parfumo.com/Perfumes/marc-gebauer/vendetta,8.3,961,Men
Grey Vetiver  Eau de Parfum,Tom Ford,https://www.parfumo.com/Perfumes/Tom_Ford/Grey_Vetiver,7.9,1314,Men
Amyris Homme  Eau de Toilette,Maison Francis Kurkdjian,https://www.parfumo.com/Perfumes/Maison_Francis_Kurkdjian/Amyris_homme,8.0,1210,Men
CH Men Privé,Carolina Herrera,https://www.parfumo.com/Perfumes/Carolina_Herrera/CH_Men_Prive,8.2,1037,Men
Allure Homme  Eau de Toilette,Chanel,https://www.parfumo.com/Perfumes/Chanel/Allure_Homme,8.0,1176,Men
Acqua di Giò Profondo (2020)  Eau de Parfum,Giorgio Armani,https://www.parfumo.com/Perfumes/Giorgio_Armani/acqua-di-gio-profondo-2020-eau-de-parfum,7.6,1636,Men
The Most Wanted  Eau de Parfum Intense,Azzaro,https://www.parfumo.com/Perfumes/Azzaro/the-most-wanted-eau-de-parfum-intense,8.0,1191,Men
Habit Rouge  Eau de Toilette,Guerlain,https://www.parfumo.com/Perfumes/Guerlain/Habit_Rouge,8.0,1221,Men
La Yuqawam pour Homme,Rasasi,https://www.parfumo.com/Perfumes/Rasasi/La_Yuqawam_pour_Homme,8.0,1162,Men
Pi  Eau de Toilette,Givenchy,https://www.parfumo.com/Perfumes/Givenchy/Pi_Eau_de_Toilette,7.9,1294,Men
Memoir Man,Amouage,https://www.parfumo.com/Perfumes/Amouage/Memoir_Man,8.0,1141,Men
Vetiver  Eau de Toilette,Guerlain,https://www.parfumo.com/Perfumes/Guerlain/Vetiver,7.8,1319,Men
Enigma pour Homme  Eau de Parfum,Roja Parfums,https://www.parfumo.com/Perfumes/Roja_Parfums/enigma-pour-homme-creation-e-pour-homme-eau-de-parfum,8.3,876,Men
Perseus,Parfums de Marly,https://www.parfumo.com/Perfumes/Parfums_de_Marly/perseus,7.7,1546,Men
Armani Code (2004)  Eau de Toilette,Giorgio Armani,https://www.parfumo.com/Perfumes/Giorgio_Armani/Armani_Code_Black_Code_Eau_de_Toilette,7.6,1644,Men
Lumière Noire Homme,Maison Francis Kurkdjian,https://www.parfumo.com/Perfumes/Maison_Francis_Kurkdjian/lumiere-noire-homme,8.3,914,Men
Colonia  Eau de Cologne,Acqua di Parma,https://www.parfumo.com/Perfumes/Acqua_di_Parma/Colonia_Eau_de_Cologne,7.9,1196,Men
Noir Extreme Parfum,Tom Ford,https://www.parfumo.com/Perfumes/Tom_Ford/noir-extreme-parfum,8.4,843,Men
1 Million  Eau de Toilette,Rabanne,https://www.parfumo.com/Perfumes/Rabanne/1_Million_Eau_de_Toilette,6.8,3471,Men
L'Instant de Guerlain pour Homme  Eau de Toilette,Guerlain,https://www.parfumo.com/Perfumes/Guerlain/L_Instant_de_Guerlain_pour_Homme_Eau_de_Toilette,8.2,935,Men
This Is Him!,Zadig & Voltaire,https://www.parfumo.com/Perfumes/Zadig__Voltaire/This_is_Him,7.7,1385,Men
London for Men  Eau de Toilette,Burberry,https://www.parfumo.com/Perfumes/Burberry/London_for_Men_Eau_de_Toilette,7.9,1237,Men
Beach Hut Man,Amouage,https://www.parfumo.com/Perfumes/Amouage/Beach_Hut_Man,7.9,1191,Men
A*Men Pure Malt,Mugler,https://www.parfumo.com/Perfumes/mugler/AMen_Pure_Malt,8.2,956,Men
Amber pour Homme  Eau de Toilette,Prada,https://www.parfumo.com/Perfumes/Prada/Amber_pour_Homme_Eau_de_Toilette,7.9,1196,Men
Artisan Pure,John Varvatos,https://www.parfumo.com/Perfumes/John_Varvatos/Artisan_Pure,7.8,1305,Men
Joop! Homme  Eau de Toilette,Joop!,https://www.parfumo.com/Perfumes/Joop/Joop_Homme_Eau_de_Toilette,6.8,3472,Men
Light Blue pour Homme Forever,Dolce & Gabbana,https://www.parfumo.com/Perfumes/Dolce_Gabbana/light-blue-pour-homme-forever,8.1,1032,Men
Art of Arabia I,Lattafa Pride,https://www.parfumo.com/Perfumes/lattafa-pride/art-of-arabia-i,8.2,922,Men
Black Gemstone,Stéphane Humbert Lucas,https://www.parfumo.com/Perfumes/Stephane_Humbert_Lucas/Black_Gemstone,8.2,877,Men
Sunrise on the Red Sand Dunes Intense,Zara,https://www.parfumo.com/Perfumes/Zara/sunrise-on-the-red-sand-dunes-intense,8.3,795,Men
Rich/Warm/Addictive  Eau de Toilette,Zara,https://www.parfumo.com/Perfumes/Zara/rich-warm-addictive-eau-de-toilette,7.8,1267,Men
Nio,Xerjoff,https://www.parfumo.com/Perfumes/Xerjoff/nio,8.1,981,Men
Interlude 53,Amouage,https://www.parfumo.com/Perfumes/Amouage/interlude-53,8.4,722,Men
Myslf  Eau de Parfum,Yves Saint Laurent,https://www.parfumo.com/Perfumes/Yves_Saint_Laurent/myslf-eau-de-parfum,7.4,1740,Men
Fahrenheit Parfum,Dior,https://www.parfumo.com/Perfumes/Dior/Fahrenheit_Parfum,8.1,954,Men
Aqva Amara  Eau de Toilette,Bvlgari,https://www.parfumo.com/Perfumes/Bvlgari/aqva-amara-eau-de-toilette,7.8,1211,Men
Spicebomb Infrared  Eau de Toilette,Viktor & Rolf,https://www.parfumo.com/Perfumes/Viktor_Rolf/spicebomb-infrared-eau-de-toilette,8.1,927,Men
Versace Man Eau Fraîche  Eau de Toilette,Versace,https://www.parfumo.com/Perfumes/Versace/Versace_Man_Eau_Fraiche_Eau_de_Toilette,7.5,1470,Men
Bois du Portugal,Creed,https://www.parfumo.com/Perfumes/Creed/Bois_du_Portugal,7.9,1023,Men
Individuel  Eau de Toilette,Montblanc,https://www.parfumo.com/Perfumes/Montblanc/Individuel_Eau_de_Toilette,7.3,1852,Men
M7 (2011),Yves Saint Laurent,https://www.parfumo.com/Perfumes/Yves_Saint_Laurent/m7-2011-m7-oud-absolu,7.9,1029,Men
New York Intense,Nicolaï,https://www.parfumo.com/Perfumes/Nicolai/New_York_Intense,8.3,770,Men
Armani Code Parfum,Giorgio Armani,https://www.parfumo.com/Perfumes/Giorgio_Armani/armani-code-parfum,7.8,1136,Men
Wanted by Night,Azzaro,https://www.parfumo.com/Perfumes/Azzaro/Wanted_by_Night,7.7,1250,Men
Encre Noire Sport,Lalique,https://www.parfumo.com/Perfumes/Lalique/Encre_Noire_Sport,7.7,1210,Men
Supremacy Collector's Edition,Afnan Perfumes,https://www.parfumo.com/Perfumes/Afnan_Perfumes/supremacy-collector-s-edition,8.2,784,Men
Orage,Louis Vuitton,https://www.parfumo.com/Perfumes/Louis_Vuitton/Orage,8.0,970,Men
Gucci pour Homme II  Eau de Toilette,Gucci,https://www.parfumo.com/Perfumes/Gucci/Gucci_pour_Homme_II_Eau_de_Toilette,8.0,891,Men
Colonia Essenza  Eau de Cologne,Acqua di Parma,https://www.parfumo.com/Perfumes/Acqua_di_Parma/Colonia_Essenza_Eau_de_Cologne,7.9,1047,Men
Himalaya,Creed,https://www.parfumo.com/Perfumes/Creed/Himalaya,7.7,1212,Men
Dia Man,Amouage,https://www.parfumo.com/Perfumes/Amouage/Dia_for_Men,8.1,832,Men
Valentino Uomo (2014)  Eau de Toilette,Valentino,https://www.parfumo.com/Perfumes/Valentino/valentino-uomo-2014-eau-de-toilette,7.9,1012,Men
Valentino Uomo Born In Roma Intense,Valentino,https://www.parfumo.com/Perfumes/Valentino/valentino-uomo-born-in-roma-intense,7.9,1011,Men
Ameer Al Oudh Intense Oud,Lattafa,https://www.parfumo.com/Perfumes/Lattafa/ameer-al-oudh-intense-oud,7.7,1183,Men
La Nuit de L'Homme Le Parfum,Yves Saint Laurent,https://www.parfumo.com/Perfumes/Yves_Saint_Laurent/La_Nuit_de_L_Homme_Le_Parfum,8.0,912,Men
Jubilation 40,Amouage,https://www.parfumo.com/Perfumes/Amouage/jubilation-40,8.5,618,Men
Héritage  Eau de Toilette,Guerlain,https://www.parfumo.com/Perfumes/Guerlain/Heritage_Eau_de_Toilette,8.2,764,Men
Boss Bottled Elixir,Hugo Boss,https://www.parfumo.com/Perfumes/Hugo_Boss/boss-bottled-elixir,7.9,1003,Men
CK One Shock for Him,Calvin Klein,https://www.parfumo.com/Perfumes/Calvin_Klein/CK_One_Shock_for_Him,7.6,1238,Men
Mefisto Gentiluomo,Casamorati,https://www.parfumo.com/Perfumes/casamorati/mefisto-gentiluomo,8.1,839,Men
Cool Water Intense,Davidoff,https://www.parfumo.com/Perfumes/Davidoff/Cool_Water_Intense,7.4,1528,Men
Journey Man,Amouage,https://www.parfumo.com/Perfumes/Amouage/Journey_Man,8.1,847,Men
Pour Monsieur  Eau de Toilette,Chanel,https://www.parfumo.com/Perfumes/Chanel/Pour_Monsieur_A_Gentleman_s_Cologne_For_Men,8.2,760,Men
Azzaro pour Homme  Eau de Toilette,Azzaro,https://www.parfumo.com/Perfumes/Azzaro/Azzaro_pour_Homme,7.7,1216,Men
L'Homme Idéal Cologne,Guerlain,https://www.parfumo.com/Perfumes/Guerlain/L_Homme_Ideal_Cologne,8.1,848,Men
Armani Code Profumo,Giorgio Armani,https://www.parfumo.com/Perfumes/Giorgio_Armani/Armani_Code_Profumo,7.8,1054,Men
Icon,Dunhill,https://www.parfumo.com/Perfumes/Dunhill/Icon,7.9,996,Men
Godolphin,Parfums de Marly,https://www.parfumo.com/Perfumes/Parfums_de_Marly/Godolphin,7.8,1006,Men
Club de Nuit Intense Man  Eau de Parfum,Armaf,https://www.parfumo.com/Perfumes/Armaf/club-de-nuit-intense-man-eau-de-parfum,7.7,1170,Men
Chypre Palatin,Parfums MDCI,https://www.parfumo.com/Perfumes/Parfums_MDCI/Chypre_Palatin,8.3,709,Men
Opium pour Homme  Eau de Toilette,Yves Saint Laurent,https://www.parfumo.com/Perfumes/Yves_Saint_Laurent/Opium_pour_Homme,8.2,767,Men
Eros Energy,Versace,https://www.parfumo.com/Perfumes/Versace/eros-energy,7.5,1348,Men
French Lover,Editions de Parfums Frédéric Malle,https://www.parfumo.com/Perfumes/Editions_de_Parfum_Frederic_Malle/French_Lover_Bois_d_Orage,7.9,934,Men
Luna Rossa Sport,Prada,https://www.parfumo.com/Perfumes/Prada/Luna_Rossa_Sport,8.0,850,Men
Météore,Louis Vuitton,https://www.parfumo.com/Perfumes/Louis_Vuitton/meteore,7.8,1043,Men
Sauvage Parfum,Dior,https://www.parfumo.com/Perfumes/Dior/sauvage-parfum,7.8,1019,Men
Legend Spirit,Montblanc,https://www.parfumo.com/Perfumes/Montblanc/Legend_Spirit,7.5,1317,Men
X for Men,Clive Christian,https://www.parfumo.com/Perfumes/Clive_Christian/x-for-men,8.2,700,Men
Bentley for Men Absolute,Bentley,https://www.parfumo.com/Perfumes/Bentley/Bentley_for_Men_Absolute,8.0,805,Men
Cèdre Encens,L'Occitane en Provence,https://www.parfumo.com/Perfumes/LOccitane_en_Provence/cedre-encens-eau-des-baux,8.0,842,Men
Le Beau,Jean Paul Gaultier,https://www.parfumo.com/Perfumes/Jean_Paul_Gaultier/Le_Beau,7.4,1441,Men
Opium pour Homme  Eau de Parfum,Yves Saint Laurent,https://www.parfumo.com/Perfumes/Yves_Saint_Laurent/Opium_pour_Homme_Eau_de_Parfum,8.4,618,Men
Sand Desert at Sunset,Zara,https://www.parfumo.com/Perfumes/Zara/sand-desert-at-sunset,8.0,821,Men
L'Aventure,Al Haramain,https://www.parfumo.com/Perfumes/Al_Haramain/L_Aventure,7.8,948,Men
More Than Words,Xerjoff,https://www.parfumo.com/Perfumes/Xerjoff/more-than-words,7.7,1044,Men
Guerlain Homme  Eau de Parfum,Guerlain,https://www.parfumo.com/Perfumes/Guerlain/Guerlain_Homme_Eau_de_Parfum,8.0,829,Men
Office for Men,Fragrance One,https://www.parfumo.com/Perfumes/Fragrance_One/Office_for_Men,7.3,1457,Men
Lyric Man,Amouage,https://www.parfumo.com/Perfumes/Amouage/Lyric_Man,7.8,982,Men
1 Million Lucky,Rabanne,https://www.parfumo.com/Perfumes/Rabanne/1_Million_Lucky,8.0,838,Men
The Blazing Mister Sam,Penhaligon's,https://www.parfumo.com/Perfumes/Penhaligons/the-blazing-mister-sam,8.1,724,Men
Qaed Al Fursan,Lattafa,https://www.parfumo.com/Perfumes/Lattafa/qaed-al-fursan,7.6,1144,Men
Oligarch  Eau de Parfum,Roja Parfums,https://www.parfumo.com/Perfumes/Roja_Parfums/oligarch-eau-de-parfum,8.7,493,Men
Le Beau Paradise Garden,Jean Paul Gaultier,https://www.parfumo.com/Perfumes/Jean_Paul_Gaultier/le-beau-paradise-garden,7.3,1529,Men
Versace pour Homme Oud Noir,Versace,https://www.parfumo.com/Perfumes/Versace/Versace_pour_Homme_Oud_Noir,7.8,903,Men
K'Bridge Club,Xerjoff,https://www.parfumo.com/Perfumes/Xerjoff/k-bridge-club,8.3,642,Men
Armani Code Absolu pour Homme,Giorgio Armani,https://www.parfumo.com/Perfumes/Giorgio_Armani/Armani_Code_Absolu_pour_Homme,8.0,811,Men
Valentino Uomo Born In Roma Coral Fantasy,Valentino,https://www.parfumo.com/Perfumes/Valentino/valentino-uomo-born-in-roma-coral-fantasy,8.0,804,Men
Esencia  Eau de Parfum,Loewe,https://www.parfumo.com/Perfumes/Loewe/Esencia_Eau_de_Parfum,8.3,636,Men
Toy Boy,Moschino,https://www.parfumo.com/Perfumes/Moschino/Toy_Boy,7.5,1156,Men
"Straight to Heaven, White Cristal  Perfume",Kilian,https://www.parfumo.com/Perfumes/Kilian/straight-to-heaven-white-cristal-perfume,7.8,925,Men
Pegasus Exclusif,Parfums de Marly,https://www.parfumo.com/Perfumes/Parfums_de_Marly/pegasus-exclusif,7.9,853,Men
H24  Eau de Toilette,Hermès,https://www.parfumo.com/Perfumes/Hermes/h24-eau-de-toilette,7.4,1232,Men
Allure Homme Édition Blanche  Eau de Toilette Concentrée,Chanel,https://www.parfumo.com/Perfumes/Chanel/Allure_Homme_Edition_Blanche_Eau_de_Toilette_Concentree,8.0,740,Men
Noir  Eau de Parfum,Tom Ford,https://www.parfumo.com/Perfumes/Tom_Ford/Noir_Eau_de_Parfum,7.7,954,Men
Sartorial,Penhaligon's,https://www.parfumo.com/Perfumes/Penhaligons/Sartorial,8.0,759,Men
Boss Bottled Intense  Eau de Parfum,Hugo Boss,https://www.parfumo.com/Perfumes/Hugo_Boss/Boss_Bottled_Intense_Eau_de_Parfum,8.1,700,Men
Drakkar Noir  Eau de Toilette,Guy Laroche,https://www.parfumo.com/Perfumes/Guy_Laroche/Drakkar_Noir_Eau_de_Toilette,7.6,1065,Men
Purpose 50,Amouage,https://www.parfumo.com/Perfumes/Amouage/purpose-50,8.4,542,Men
Knize Ten  Toilet Water,Knize,https://www.parfumo.com/Perfumes/Knize/Knize_Ten_Toilet_Water,7.9,793,Men
Sur la Route,Louis Vuitton,https://www.parfumo.com/Perfumes/Louis_Vuitton/Sur_la_Route_2018,7.9,776,Men
Eros Parfum,Versace,https://www.parfumo.com/Perfumes/Versace/eros-parfum,8.1,674,Men
Shiyaaka for Men,Khadlaj,https://www.parfumo.com/Perfumes/Khadlaj/shiyaaka-for-men-shiyaaka-silver-1,8.0,703,Men
Joop! Homme  Eau de Parfum,Joop!,https://www.parfumo.com/Perfumes/Joop/joop-homme-eau-de-parfum,7.7,893,Men
Guilty Absolute pour Homme,Gucci,https://www.parfumo.com/Perfumes/Gucci/Guilty_Absolute,7.7,920,Men
Fierce  Cologne,Abercrombie & Fitch,https://www.parfumo.com/Perfumes/Abercrombie_Fitch/Fierce,7.6,984,Men
Overture Man,Amouage,https://www.parfumo.com/Perfumes/Amouage/overture-man,8.1,662,Men
APOM Homme,Maison Francis Kurkdjian,https://www.parfumo.com/Perfumes/Maison_Francis_Kurkdjian/apom-homme,7.9,768,Men
Fougère Royale (2010)  Eau de Parfum,Houbigant,https://www.parfumo.com/Perfumes/Houbigant/Fougere_Royale_2010,8.0,697,Men
Invasion Barbare,Parfums MDCI,https://www.parfumo.com/Perfumes/Parfums_MDCI/Invasion_Barbare,8.1,650,Men
1872 for Men,Clive Christian,https://www.parfumo.com/Perfumes/Clive_Christian/1872-for-men,8.2,617,Men
Jaïpur Homme  Eau de Parfum,Boucheron,https://www.parfumo.com/Perfumes/Boucheron/Jaipur_Homme_Eau_de_Parfum,8.1,648,Men
Habdan,Parfums de Marly,https://www.parfumo.com/Perfumes/Parfums_de_Marly/Royal_Essence_Habdan,8.1,648,Men
Le Sel d'Issey  Eau de Toilette,Issey Miyake,https://www.parfumo.com/Perfumes/Issey_Miyake/le-sel-d-issey-eau-de-toilette,7.8,818,Men
Armani Code (2021)  Eau de Parfum,Giorgio Armani,https://www.parfumo.com/Perfumes/Giorgio_Armani/armani-code-2021-eau-de-parfum,8.1,632,Men
Exquisite Leather,David Beckham,https://www.parfumo.com/Perfumes/David_Beckham/exquisite-leather,8.1,651,Men
Air Tiger,Marc Gebauer,https://www.parfumo.com/Perfumes/marc-gebauer/air-tiger,7.0,1619,Men
Ormonde Man  Eau de Parfum,Ormonde Jayne,https://www.parfumo.com/Perfumes/Ormonde_Jayne/Ormonde_Man,8.0,669,Men
Habit Rouge  Eau de Parfum,Guerlain,https://www.parfumo.com/Perfumes/Guerlain/Habit_Rouge_Eau_de_Parfum,8.0,663,Men
L'Homme Idéal  Eau de Toilette,Guerlain,https://www.parfumo.com/Perfumes/Guerlain/L_homme_ideal,7.5,1033,Men
Voyage  Eau de Toilette,Nautica,https://www.parfumo.com/Perfumes/Nautica/Voyage_Eau_de_Toilette,6.9,1796,Men
Sculpture Parfum,Nikos,https://www.parfumo.com/Perfumes/Nikos/sculpture-parfum,8.4,481,Men
Bel Ami  Eau de Toilette,Hermès,https://www.parfumo.com/Perfumes/Hermes/Bel_Ami_Eau_de_Toilette,8.2,592,Men
1 Million Privé,Rabanne,https://www.parfumo.com/Perfumes/Rabanne/1_Million_Prive,8.0,675,Men
Eau Sauvage Parfum (2012),Dior,https://www.parfumo.com/Perfumes/Dior/Eau_Sauvage_Parfum,8.3,530,Men
Rochas Man  Eau de Toilette,Rochas,https://www.parfumo.com/Perfumes/Rochas/Rochas_Man_Eau_de_Toilette,7.6,942,Men
Daarej pour Homme,Rasasi,https://www.parfumo.com/Perfumes/Rasasi/daarej-pour-homme,7.5,1012,Men
Aramis  Eau de Toilette,Aramis,https://www.parfumo.com/Perfumes/Aramis/Aramis_Eau_de_Toilette,7.8,775,Men
Kenzo Homme (2022)  Eau de Parfum,Kenzo,https://www.parfumo.com/Perfumes/Kenzo/kenzo-homme-2022-eau-de-parfum,8.1,604,Men
Roma Uomo  Eau de Toilette,Laura Biagiotti,https://www.parfumo.com/Perfumes/Laura_Biagiotti/Roma_Uomo_Eau_de_Toilette,7.5,944,Men
Wonderwood,Comme des Garçons,https://www.parfumo.com/Perfumes/Comme_des_Garons/Wonderwood,7.6,899,Men
Blue Jeans,Versace,https://www.parfumo.com/Perfumes/Versace/Blue_Jeans,6.9,1762,Men
Kouros  Eau de Toilette,Yves Saint Laurent,https://www.parfumo.com/Perfumes/Yves_Saint_Laurent/Kouros_Eau_de_Toilette,7.1,1344,Men
A*Men,Mugler,https://www.parfumo.com/Perfumes/mugler/A_Men_Angel_Men,7.2,1219,Men
Dior Homme Intense (2007),Dior,https://www.parfumo.com/Perfumes/Dior/Dior_Homme_Intense,8.5,444,Men
Fattan pour Homme,Rasasi,https://www.parfumo.com/Perfumes/Rasasi/Fattan_pour_Homme,7.7,812,Men
Acqua di Giò pour Homme  Eau de Parfum,Giorgio Armani,https://www.parfumo.com/Perfumes/Giorgio_Armani/acqua-di-gio-pour-homme-eau-de-parfum,7.8,727,Men
Gucci pour Homme (2003)  Eau de Toilette,Gucci,https://www.parfumo.com/Perfumes/Gucci/Gucci_pour_Homme_2003_Eau_de_Toilette,8.2,531,Men
Héritage  Eau de Parfum,Guerlain,https://www.parfumo.com/Perfumes/Guerlain/Heritage_Eau_de_Parfum,8.2,529,Men
Nightflight  Eau de Toilette,Joop!,https://www.parfumo.com/Perfumes/Joop/Nightflight_Eau_de_Toilette,7.7,798,Men
Roi d'Orient,Rituals,https://www.parfumo.com/Perfumes/Rituals/roi-d-orient,7.9,641,Men
Gentleman Givenchy  Eau de Parfum Boisée,Givenchy,https://www.parfumo.com/Perfumes/Givenchy/gentleman-eau-de-parfum-boisee,8.0,623,Men
L'Homme Idéal Intense,Guerlain,https://www.parfumo.com/Perfumes/Guerlain/l-homme-ideal-intense,8.1,549,Men
F by Ferragamo pour Homme Black  Eau de Toilette,Salvatore Ferragamo,https://www.parfumo.com/Perfumes/Salvatore_Ferragamo/F_by_Ferragamo_pour_Homme_Black_Eau_de_Toilette,7.4,1005,Men
Monsieur.,Editions de Parfums Frédéric Malle,https://www.parfumo.com/Perfumes/Editions_de_Parfum_Frederic_Malle/Monsieur_,8.0,588,Men
Fiero,Casamorati,https://www.parfumo.com/Perfumes/casamorati/fiero-1,7.9,659,Men
Pour Un Homme de Caron (1934)  Eau de Toilette,Caron,https://www.parfumo.com/Perfumes/Caron/pour-un-homme-de-caron-1934-eau-de-toilette,7.6,799,Men
Le Mâle Essence de Parfum,Jean Paul Gaultier,https://www.parfumo.com/Perfumes/Jean_Paul_Gaultier/Le_Male_Essence_de_Parfum,8.1,556,Men
Dolce & Gabbana pour Homme (2012)  Eau de Toilette,Dolce & Gabbana,https://www.parfumo.com/Perfumes/Dolce_Gabbana/Dolce__Gabbana_pour_Homme_2012_Eau_de_Toilette,7.8,673,Men
Club de Nuit Precieux I,Armaf,https://www.parfumo.com/Perfumes/Armaf/club-de-nuit-precieux-i,8.3,469,Men
Colonia Leather  Eau de Cologne Concentrée,Acqua di Parma,https://www.parfumo.com/Perfumes/Acqua_di_Parma/Colonia_Leather,8.1,535,Men
Hawas Ice,Rasasi,https://www.parfumo.com/Perfumes/Rasasi/hawas-ice,7.8,663,Men
L'Homme Idéal Platine Privé,Guerlain,https://www.parfumo.com/Perfumes/Guerlain/l-homme-ideal-platine-prive,8.4,419,Men
1 Million Elixir,Rabanne,https://www.parfumo.com/Perfumes/Rabanne/1-million-elixir,7.8,650,Men
Fakhar Lattafa Men,Lattafa,https://www.parfumo.com/Perfumes/Lattafa/fakhar-lattafa-men,7.6,792,Men
Vibrant Leather (2018)  Eau de Parfum,Zara,https://www.parfumo.com/Perfumes/Zara/vibrant-leather-2018-eau-de-parfum,7.7,703,Men
Luna Rossa  Eau de Toilette,Prada,https://www.parfumo.com/Perfumes/Prada/Luna_Rossa_Eau_de_Toilette,7.4,900,Men
Vétiver Extraordinaire,Editions de Parfums Frédéric Malle,https://www.parfumo.com/Perfumes/Editions_de_Parfum_Frederic_Malle/Vetiver_Extraordinaire,7.9,629,Men
Mousse Illuminée,Rogue,https://www.parfumo.com/Perfumes/Rogue/Mousse_Illuminee,8.2,479,Men
Light Blue pour Homme Italian Love,Dolce & Gabbana,https://www.parfumo.com/Perfumes/Dolce_Gabbana/light-blue-pour-homme-italian-love,8.3,443,Men
Bracken Man,Amouage,https://www.parfumo.com/Perfumes/Amouage/Bracken_Man,8.0,555,Men
Polo  Eau de Toilette,Ralph Lauren,https://www.parfumo.com/Perfumes/Ralph_Lauren/Polo_Eau_de_Toilette,7.8,654,Men
Invictus  Eau de Toilette,Rabanne,https://www.parfumo.com/Perfumes/Rabanne/Invictus_Eau_de_Toilette,6.5,2120,Men
Comme des Garçons 2 Man,Comme des Garçons,https://www.parfumo.com/Perfumes/Comme_des_Garons/Comme_des_Garons_2_Man,7.8,626,Men
Déclaration  Eau de Toilette,Cartier,https://www.parfumo.com/Perfumes/Cartier/Declaration,7.4,882,Men
Obsession for Men  Eau de Toilette,Calvin Klein,https://www.parfumo.com/Perfumes/Calvin_Klein/Obsession_for_Men_Eau_de_Toilette,7.5,841,Men
Infinite Navy,Câline,https://www.parfumo.com/Perfumes/caline/infinite-navy,7.8,638,Men
Oud Tobacco,Montale,https://www.parfumo.com/Perfumes/Montale/oud-tobacco,8.0,555,Men
Aquatica,Rayhaan,https://www.parfumo.com/Perfumes/rayhaan/aquatica,8.5,374,Men
Luna Rossa Ocean  Eau de Toilette,Prada,https://www.parfumo.com/Perfumes/Prada/luna-rossa-ocean-eau-de-toilette,7.0,1218,Men
Homme,Xerjoff,https://www.parfumo.com/Perfumes/Xerjoff/homme,8.1,512,Men
Dior Homme (2005),Dior,https://www.parfumo.com/Perfumes/Dior/Dior_Homme,8.4,416,Men
Halloween Man X,Halloween,https://www.parfumo.com/Perfumes/Halloween/Halloween_Man_X,7.3,930,Men
Galloway,Parfums de Marly,https://www.parfumo.com/Perfumes/Parfums_de_Marly/Galloway,7.4,836,Men
Paco Rabanne pour Homme  Eau de Toilette,Rabanne,https://www.parfumo.com/Perfumes/Rabanne/Paco_Rabanne_pour_Homme_Eau_de_Toilette,7.7,668,Men
Valentino Uomo Born In Roma,Valentino,https://www.parfumo.com/Perfumes/Valentino/valentino-uomo-born-in-roma,7.0,1198,Men
Black Aoud,Montale,https://www.parfumo.com/Perfumes/Montale/Black_Aoud,7.4,843,Men
Givenchy Gentleman  Eau de Toilette,Givenchy,https://www.parfumo.com/Perfumes/Givenchy/Givenchy_Gentleman_Eau_de_Toilette,7.9,563,Men
Colonia Intensa  Eau de Cologne,Acqua di Parma,https://www.parfumo.com/Perfumes/Acqua_di_Parma/Colonia_Intensa_Eau_de_Cologne,7.7,658,Men
Midnight in Paris  Eau de Toilette,Van Cleef & Arpels,https://www.parfumo.com/Perfumes/Van_Cleef_Arpels/Midnight_in_Paris,7.6,733,Men
His Confession,Lattafa,https://www.parfumo.com/Perfumes/Lattafa/his-confession,8.1,490,Men
Myslf Le Parfum,Yves Saint Laurent,https://www.parfumo.com/Perfumes/Yves_Saint_Laurent/myslf-le-parfum,7.7,682,Men
Envy for Men  Eau de Toilette,Gucci,https://www.parfumo.com/Perfumes/Gucci/Envy_for_Men_Eau_de_Toilette,8.3,409,Men
Colonia Oud  Eau de Cologne Concentrée,Acqua di Parma,https://www.parfumo.com/Perfumes/Acqua_di_Parma/Colonia_Oud_Colonia_Intensa_Oud,7.8,604,Men
Le Mâle Elixir Absolu,Jean Paul Gaultier,https://www.parfumo.com/Perfumes/Jean_Paul_Gaultier/le-male-elixir-absolu,7.8,627,Men
Ramz Lattafa (Silver),Lattafa,https://www.parfumo.com/Perfumes/Lattafa/Ramz_Lattafa_Silver,8.0,524,Men
Terre d'Hermès Eau Intense Vétiver,Hermès,https://www.parfumo.com/Perfumes/Hermes/Terre_d_Hermes_Eau_Intense_Vetiver,7.6,741,Men
Lalique White  Eau de Toilette,Lalique,https://www.parfumo.com/Perfumes/Lalique/Lalique_White_Eau_de_Toilette,7.5,782,Men
Itasca,Lubin,https://www.parfumo.com/Perfumes/Lubin/Itasca,8.2,454,Men
Théorème pour Homme,Rue Broca,https://www.parfumo.com/Perfumes/rue-broca/theoreme-pour-homme,8.2,460,Men
Spice and Wood,Creed,https://www.parfumo.com/Perfumes/Creed/spice-and-wood,8.2,450,Men
Infusion d'Homme  Eau de Toilette,Prada,https://www.parfumo.com/Perfumes/Prada/Infusion_d_Homme_Eau_de_Toilette,7.8,613,Men
Scandal pour Homme Absolu,Jean Paul Gaultier,https://www.parfumo.com/Perfumes/Jean_Paul_Gaultier/scandal-pour-homme-absolu,8.0,528,Men
1740,Histoires de Parfums,https://www.parfumo.com/Perfumes/Histoires_de_Parfums/1740_Marquis_de_Sade,7.9,524,Men
Writer,Cyrus,https://www.parfumo.com/Perfumes/Cyrus/Writer,7.7,624,Men
L.12.12 Blanc  Eau de Toilette,Lacoste,https://www.parfumo.com/Perfumes/Lacoste/l-12-12-blanc-eau-de-lacoste-l-12-12-blanc-eau-de-toilette,7.2,999,Men
WO/01 Somewoody,Zara,https://www.parfumo.com/Perfumes/Zara/wo-01-somewoody,8.0,480,Men
Scandal pour Homme Le Parfum,Jean Paul Gaultier,https://www.parfumo.com/Perfumes/Jean_Paul_Gaultier/scandal-pour-homme-le-parfum,7.8,585,Men
The Scent for Him  Eau de Toilette,Hugo Boss,https://www.parfumo.com/Perfumes/Hugo_Boss/The_Scent_Eau_de_Toilette,6.8,1395,Men
Pasha de Cartier Parfum,Cartier,https://www.parfumo.com/Perfumes/Cartier/pasha-de-cartier-parfum,8.1,461,Men
Myths Man,Amouage,https://www.parfumo.com/Perfumes/Amouage/Myths_Man,8.0,476,Men
Emporio Armani...lui/il/he/él/男...,Giorgio Armani,https://www.parfumo.com/Perfumes/Giorgio_Armani/Emporio_Armani__luiilheel__,7.5,710,Men
Background  Eau de Toilette,Jil Sander,https://www.parfumo.com/Perfumes/Jil_Sander/Background_Eau_de_Toilette,8.5,342,Men
Pour Homme,Grauton Parfums,https://www.parfumo.com/Perfumes/grauton-parfums/pour-homme,8.4,365,Men
Beloved Man,Amouage,https://www.parfumo.com/Perfumes/Amouage/Beloved_Man,7.9,497,Men
No. 1 for Men,Clive Christian,https://www.parfumo.com/Perfumes/Clive_Christian/no-1-for-men,8.0,485,Men
L'Homme Ultime,Yves Saint Laurent,https://www.parfumo.com/Perfumes/Yves_Saint_Laurent/l-homme-ultime,8.1,452,Men
Qaa'ed,Lattafa,https://www.parfumo.com/Perfumes/Lattafa/qaa-ed,7.8,557,Men
Reckless pour Homme  Parfum,Roja Parfums,https://www.parfumo.com/Perfumes/Roja_Parfums/Reckless_pour_Homme_Parfum,8.4,343,Men
Armani Code (2024)  Eau de Parfum,Giorgio Armani,https://www.parfumo.com/Perfumes/Giorgio_Armani/armani-code-2024-eau-de-parfum,8.1,431,Men
Hercules,Maison Alhambra,https://www.parfumo.com/Perfumes/maison-alhambra/hercules,8.4,358,Men
Ambassador Intense,Gisada,https://www.parfumo.com/Perfumes/Gisada/ambassador-intense,7.7,601,Men
M7 (2002)  Eau de Toilette,Yves Saint Laurent,https://www.parfumo.com/Perfumes/Yves_Saint_Laurent/m7-2002-eau-de-toilette,8.2,411,Men
Yatagan  Eau de Toilette,Caron,https://www.parfumo.com/Perfumes/Caron/Yatagan_Eau_de_Toilette,7.8,538,Men
Apex  Eau de Parfum,Roja Parfums,https://www.parfumo.com/Perfumes/Roja_Parfums/apex-eau-de-parfum,7.6,641,Men
Body Kouros  Eau de Toilette,Yves Saint Laurent,https://www.parfumo.com/Perfumes/Yves_Saint_Laurent/Body_Kouros_Eau_de_Toilette,7.7,568,Men
Bleu de Chanel L'Exclusif,Chanel,https://www.parfumo.com/Perfumes/Chanel/bleu-de-chanel-l-exclusif,7.5,655,Men
Y Le Parfum (2021),Yves Saint Laurent,https://www.parfumo.com/Perfumes/Yves_Saint_Laurent/y-le-parfum-2021,7.4,719,Men
The Omniscient Mister Thompson,Penhaligon's,https://www.parfumo.com/Perfumes/Penhaligons/the-omniscient-mister-thompson,8.1,417,Men
Midnight Oud  Eau de Parfum,Ard Al Zaafaran,https://www.parfumo.com/Perfumes/Ard_Al_Zaafaran/midnight-oud-eau-de-parfum,7.6,617,Men
Relax  Eau de Toilette,Davidoff,https://www.parfumo.com/Perfumes/Davidoff/Relax_Eau_de_Toilette,8.2,385,Men
1 Million Parfum,Rabanne,https://www.parfumo.com/Perfumes/Rabanne/1-million-parfum,7.4,697,Men
Portrayal Man,Amouage,https://www.parfumo.com/Perfumes/Amouage/Portrayal_Man,7.9,486,Men
The Kingdom for Men,Lattafa,https://www.parfumo.com/Perfumes/Lattafa/the-kingdom-for-men,8.2,377,Men
Bottega Veneta pour Homme  Eau de Toilette,Bottega Veneta,https://www.parfumo.com/Perfumes/Bottega_Veneta/Bottega_Veneta_pour_Homme_Eau_de_Toilette,7.6,592,Men
Ambre des Abysses,Houbigant,https://www.parfumo.com/Perfumes/Houbigant/ambre-des-abysses,8.1,403,Men
Gold Man,Amouage,https://www.parfumo.com/Perfumes/Amouage/Amouage_Gold_Men,7.6,596,Men
Grey Flannel  Eau de Toilette,Geoffrey Beene,https://www.parfumo.com/Perfumes/Geoffrey_Beene/Grey_Flannel_Eau_de_Toilette,7.2,869,Men
Lemon Line,Mancera,https://www.parfumo.com/Perfumes/Mancera/Lemon_Line,7.8,511,Men
2022 Generation Man,Stéphane Humbert Lucas,https://www.parfumo.com/Perfumes/Stephane_Humbert_Lucas/2022_Generation_Man,8.0,441,Men
Wow! for Men  Eau de Toilette,Joop!,https://www.parfumo.com/Perfumes/Joop/Wow_for_Men_Eau_de_Toilette,7.3,774,Men
The One Luminous Night,Dolce & Gabbana,https://www.parfumo.com/Perfumes/Dolce_Gabbana/the-one-luminous-night,8.6,289,Men
Boss Number One  Eau de Toilette,Hugo Boss,https://www.parfumo.com/Perfumes/Hugo_Boss/Boss_Number_One_Eau_de_Toilette,7.6,574,Men
Lagerfeld Classic  Eau de Toilette,Karl Lagerfeld,https://www.parfumo.com/Perfumes/karl-lagerfeld/lagerfeld-classic-1978-eau-de-toilette,7.3,784,Men
C: Woody Leather,Clive Christian,https://www.parfumo.com/Perfumes/Clive_Christian/c-woody-leather,8.5,301,Men
La Nuit de L'Homme (2019)  Eau de Parfum,Yves Saint Laurent,https://www.parfumo.com/Perfumes/Yves_Saint_Laurent/la-nuit-de-l-homme-2019-eau-de-parfum,7.7,521,Men
Ombre Noire,Lalique,https://www.parfumo.com/Perfumes/Lalique/Ombre_Noire,8.2,373,Men
Tomo  Eau de Toilette,Annayake,https://www.parfumo.com/Perfumes/Annayake/Tomo__Eau_de_Toilette,7.7,544,Men
Hawas Black,Rasasi,https://www.parfumo.com/Perfumes/Rasasi/hawas-black,7.9,459,Men
Vetiver  Parfum,Roja Parfums,https://www.parfumo.com/Perfumes/Roja_Parfums/Vetiver_Parfum,8.4,315,Men
Bel Ami Vétiver,Hermès,https://www.parfumo.com/Perfumes/Hermes/Bel_Ami_Vetiver,8.2,381,Men
Giorgio for Men  Eau de Toilette,Giorgio Beverly Hills,https://www.parfumo.com/Perfumes/Giorgio_Beverly_Hills/Giorgio_for_Men_Eau_de_Toilette,7.9,469,Men
Equipage  Eau de Toilette,Hermès,https://www.parfumo.com/Perfumes/Hermes/Equipage_Eau_de_Toilette,8.0,422,Men
Lafayette Street,Bond No. 9,https://www.parfumo.com/Perfumes/Bond_No_9/Lafayette_Street,8.2,364,Men
Fetish pour Homme  Parfum,Roja Parfums,https://www.parfumo.com/Perfumes/Roja_Parfums/Fetish_pour_Homme_Parfum,8.3,344,Men
Oud Malaki,Chopard,https://www.parfumo.com/Perfumes/Chopard/Oud_Malaki,8.1,390,Men
L'Eau d'Issey pour Homme Noir Ambré,Issey Miyake,https://www.parfumo.com/Perfumes/Issey_Miyake/L_Eau_d_Issey_pour_Homme_Noir_Ambre,8.3,337,Men
Opulent Oud,Lattafa,https://www.parfumo.com/Perfumes/Lattafa/Opulent_Oud,7.7,513,Men
Just Rock! pour Lui,Zadig & Voltaire,https://www.parfumo.com/Perfumes/Zadig__Voltaire/Just_Rock_pour_Lui,8.2,367,Men
H24  Eau de Parfum,Hermès,https://www.parfumo.com/Perfumes/Hermes/h24-eau-de-parfum,7.7,528,Men
Erolfa,Creed,https://www.parfumo.com/Perfumes/Creed/Erolfa,7.4,635,Men
Royal Mayfair (2009),Creed,https://www.parfumo.com/Perfumes/Creed/royal-mayfair-2009-windsor,7.9,451,Men
Lalique pour Homme Lion  Eau de Parfum,Lalique,https://www.parfumo.com/Perfumes/Lalique/Lalique_pour_Homme_Lion_Eau_de_Parfum,7.9,451,Men
L'Eau Bleue d'Issey pour Homme,Issey Miyake,https://www.parfumo.com/Perfumes/Issey_Miyake/L_Eau_Bleue_d_Issey_pour_Homme,7.7,493,Men
Hero  Eau de Parfum,Burberry,https://www.parfumo.com/Perfumes/Burberry/hero-eau-de-parfum,7.3,724,Men
Craze  Eau de Parfum,Armaf,https://www.parfumo.com/Perfumes/Armaf/craze-eau-de-parfum,7.6,545,Men
Dior Homme Eau for Men  Eau de Toilette,Dior,https://www.parfumo.com/Perfumes/Dior/Dior_Homme_Eau_for_Men_Eau_de_Toilette,7.8,467,Men
L'Envol  Eau de Parfum,Cartier,https://www.parfumo.com/Perfumes/Cartier/L_Envol_Eau_de_Parfum,7.8,480,Men
Allure Homme Sport Cologne,Chanel,https://www.parfumo.com/Perfumes/Chanel/Allure_Homme_Sport_Cologne,8.2,348,Men
Scandal pour Homme,Jean Paul Gaultier,https://www.parfumo.com/Perfumes/Jean_Paul_Gaultier/scandal-pour-homme,6.8,1112,Men
1899,Histoires de Parfums,https://www.parfumo.com/Perfumes/Histoires_de_Parfums/1899,8.0,405,Men
The Scent Elixir for Him,Hugo Boss,https://www.parfumo.com/Perfumes/Hugo_Boss/the-scent-elixir-for-him,7.7,493,Men
360° Red for Men,Perry Ellis,https://www.parfumo.com/Perfumes/Perry_Ellis/360_Degrees_Red_for_Men,7.5,590,Men
Uomo?  Eau de Toilette,Moschino,https://www.parfumo.com/Perfumes/Moschino/Uomo_Eau_de_Toilette,7.7,495,Men
Castley,Parfums de Marly,https://www.parfumo.com/Perfumes/Parfums_de_Marly/castley,7.5,600,Men
Sand Desert at Sunset Intense,Zara,https://www.parfumo.com/Perfumes/Zara/sand-desert-at-sunset-intense,8.4,295,Men
Dark Rebel,John Varvatos,https://www.parfumo.com/Perfumes/John_Varvatos/Dark_Rebel,7.8,454,Men
L'Homme Idéal  Parfum,Guerlain,https://www.parfumo.com/Perfumes/Guerlain/l-homme-ideal-parfum-1,8.3,326,Men
CH Men  Eau de Toilette,Carolina Herrera,https://www.parfumo.com/Perfumes/Carolina_Herrera/CH_Men_Eau_de_Toilette,7.8,453,Men
Kenzo Power  Eau de Toilette,Kenzo,https://www.parfumo.com/Perfumes/Kenzo/Kenzo_Power_Eau_de_Toilette,7.9,412,Men
Amber Empire,French Avenue,https://www.parfumo.com/Perfumes/french-avenue/amber-empire,8.2,346,Men
Luna Rossa Ocean  Eau de Parfum,Prada,https://www.parfumo.com/Perfumes/Prada/luna-rossa-ocean-eau-de-parfum,7.2,728,Men
Pour Monsieur  Eau de Parfum,Chanel,https://www.parfumo.com/Perfumes/Chanel/Pour_Monsieur_Eau_de_Parfum,8.2,345,Men
LV Lovers,Louis Vuitton,https://www.parfumo.com/Perfumes/Louis_Vuitton/lv-lovers,7.5,586,Men
Rocabar  Eau de Toilette,Hermès,https://www.parfumo.com/Perfumes/Hermes/Rocabar_Eau_de_Toilette,7.9,410,Men
Coach for Men  Eau de Toilette,Coach,https://www.parfumo.com/Perfumes/Coach/coach-for-men-eau-de-toilette,7.4,609,Men
Derby (2005),Guerlain,https://www.parfumo.com/Perfumes/Guerlain/Derby_2005,8.2,332,Men
Rive Gauche pour Homme (2011),Yves Saint Laurent,https://www.parfumo.com/Perfumes/Yves_Saint_Laurent/Rive_Gauche_pour_Homme_Heritage,8.2,341,Men
B683  Eau de Parfum,Marc-Antoine Barrois,https://www.parfumo.com/Perfumes/Marc_Antoine_Barrois/B683,7.7,460,Men
Dolce & Gabbana pour Homme (1994)  Eau de Toilette,Dolce & Gabbana,https://www.parfumo.com/Perfumes/Dolce_Gabbana/Dolce__Gabbana_pour_Homme_1994_Eau_de_Toilette,7.9,423,Men
Mercedes-Benz Cologne,Mercedes-Benz,https://www.parfumo.com/Perfumes/Mercedes_Benz/Mercedes_Benz_Cologne,8.0,385,Men
Royal Vintage,M. Micallef,https://www.parfumo.com/Perfumes/Martine_Micallef/Royal_Vintage,7.9,413,Men
Gentleman Givenchy  Eau de Toilette Intense,Givenchy,https://www.parfumo.com/Perfumes/Givenchy/gentleman-givenchy-eau-de-toilette-intense,7.9,405,Men
Lalique pour Homme Equus  Eau de Parfum,Lalique,https://www.parfumo.com/Perfumes/Lalique/Lalique_pour_Homme_Equus_Eau_de_Parfum,8.2,336,Men
Insurrection II Pure,Reyane Tradition,https://www.parfumo.com/Perfumes/Reyane_Tradition/Insurrection_Pure_II,7.8,441,Men
Uomo  Eau de Toilette,Salvatore Ferragamo,https://www.parfumo.com/Perfumes/Salvatore_Ferragamo/Uomo_Eau_de_Toilette,7.6,523,Men
Boss Bottled Parfum,Hugo Boss,https://www.parfumo.com/Perfumes/Hugo_Boss/boss-bottled-parfum,7.4,589,Men
Terre d'Hermès Eau Très Fraîche,Hermès,https://www.parfumo.com/Perfumes/Hermes/Terre_d_Hermes_Eau_Tres_Fraiche,7.6,493,Men
Hugo  Eau de Toilette,Hugo Boss,https://www.parfumo.com/Perfumes/Hugo_Boss/Hugo_Eau_de_Toilette,6.7,1151,Men
Invictus Victory Elixir,Rabanne,https://www.parfumo.com/Perfumes/Rabanne/invictus-victory-elixir,7.7,459,Men
Tuscany per Uomo  Eau de Toilette,Aramis,https://www.parfumo.com/Perfumes/Aramis/Tuscany_per_Uomo_Etruscan_Eau_de_Toilette,8.0,370,Men
Kenzo pour Homme  Eau de Toilette,Kenzo,https://www.parfumo.com/Perfumes/Kenzo/Kenzo_pour_Homme_Eau_de_Toilette,7.6,507,Men
Tommy  Cologne,Tommy Hilfiger,https://www.parfumo.com/Perfumes/Tommy_Hilfiger/Tommy_Cologne,7.2,696,Men
Norne (2012),Slumberhouse,https://www.parfumo.com/Perfumes/Slumberhouse/Norne,8.4,285,Men
Noir Anthracite,Tom Ford,https://www.parfumo.com/Perfumes/Tom_Ford/Noir_Anthracite,7.8,419,Men
Dior Homme Sport (2012)  Eau de Toilette,Dior,https://www.parfumo.com/Perfumes/Dior/Dior_Homme_Sport_2012_Eau_de_Toilette,7.6,496,Men
Fahrenheit Absolute,Dior,https://www.parfumo.com/Perfumes/Dior/Fahrenheit_Absolute,8.1,343,Men
Lapidus pour Homme  Eau de Toilette,Ted Lapidus,https://www.parfumo.com/Perfumes/Ted_Lapidus/Lapidus_pour_Homme_Eau_de_Toilette,7.8,438,Men
Rumz Al Rasasi 9325 pour Lui,Rasasi,https://www.parfumo.com/Perfumes/Rasasi/Rumz_al_Rasasi_9325_pour_Lui,7.8,418,Men
7 Cobalt,Loewe,https://www.parfumo.com/Perfumes/Loewe/7-cobalt,8.2,321,Men
Homme,Aaron Terence Hughes,https://www.parfumo.com/Perfumes/Aaron_Terence_Hughes/homme,8.5,264,Men
Quercia  Eau de Parfum,Acqua di Parma,https://www.parfumo.com/Perfumes/Acqua_di_Parma/quercia-eau-de-parfum,7.9,394,Men
Fat Electrician,Etat Libre d'Orange,https://www.parfumo.com/Perfumes/Etat_Libre_d_Orange/Fat_Electrician,7.3,634,Men
Tabac Original  Eau de Cologne,Mäurer & Wirtz,https://www.parfumo.com/Perfumes/Maeurer_Wirtz/Tabac_Original_Eau_de_Cologne,7.5,533,Men
Carbone (2010)  Eau de Toilette,Balmain,https://www.parfumo.com/Perfumes/Balmain/carbone-2010-eau-de-toilette,7.8,410,Men
Classic Gold,Jaguar,https://www.parfumo.com/Perfumes/Jaguar/Classic_Gold,7.5,524,Men
Azzure Aoud,French Avenue,https://www.parfumo.com/Perfumes/french-avenue/azzure-aoud,7.5,508,Men
Red Vetiver,Montale,https://www.parfumo.com/Perfumes/Montale/Red_Vetiver_Red_Vetyver,7.6,462,Men
Aether,French Avenue,https://www.parfumo.com/Perfumes/french-avenue/aether,7.8,426,Men
Aqva pour Homme  Eau de Toilette,Bvlgari,https://www.parfumo.com/Perfumes/Bvlgari/Aqva_pour_Homme_Eau_de_Toilette,7.3,596,Men
Amiri,Arabian Oud,https://www.parfumo.com/Perfumes/Arabian_Oud/amiri,8.7,225,Men
Néroli Intense,Jeanne en Provence,https://www.parfumo.com/Perfumes/Jeanne_en_Provence/Neroli_Intense,7.6,499,Men
For Him Bleu Noir  Eau de Parfum,Narciso Rodriguez,https://www.parfumo.com/Perfumes/Narciso_Rodriguez/For_Him_Bleu_Noir_Eau_de_Parfum,7.6,468,Men
Valentino Uomo Born In Roma Yellow Dream,Valentino,https://www.parfumo.com/Perfumes/Valentino/valentino-uomo-born-in-roma-yellow-dream,7.3,586,Men
Acqua di Giò Essenza,Giorgio Armani,https://www.parfumo.com/Perfumes/Giorgio_Armani/Acqua_di_Gio_Essenza,7.9,393,Men
Gentleman Society  Eau de Parfum,Givenchy,https://www.parfumo.com/Perfumes/Givenchy/gentleman-society-eau-de-parfum,7.3,585,Men
Santos  Eau de Toilette,Cartier,https://www.parfumo.com/Perfumes/Cartier/Santos,7.9,365,Men
Le Gemme - Kobraa,Bvlgari,https://www.parfumo.com/Perfumes/Bvlgari/le-gemme-kobraa,8.5,256,Men
Rive Gauche pour Homme (2003)  Eau de Toilette,Yves Saint Laurent,https://www.parfumo.com/Perfumes/Yves_Saint_Laurent/Rive_Gauche_pour_Homme_2003_Eau_de_Toilette,8.2,294,Men
Aramis 900  Eau de Cologne,Aramis,https://www.parfumo.com/Perfumes/Aramis/Aramis_900_Herbal_Eau_de_Cologne,7.9,371,Men
La Nuit de L'Homme Frozen Cologne,Yves Saint Laurent,https://www.parfumo.com/Perfumes/Yves_Saint_Laurent/La_Nuit_de_Homme_Frozen_Cologne,8.1,315,Men
L'Homme Idéal Cool,Guerlain,https://www.parfumo.com/Perfumes/Guerlain/L_Homme_Ideal_Cool,8.0,344,Men
Jules  Eau de Toilette,Dior,https://www.parfumo.com/Perfumes/Dior/Jules_Eau_de_Toilette,8.3,281,Men
Emporio Armani - Stronger With You Powerfully,Giorgio Armani,https://www.parfumo.com/Perfumes/Giorgio_Armani/emporio-armani-stronger-with-you-powerfully,8.1,314,Men
Raghba Wood Intense,Lattafa,https://www.parfumo.com/Perfumes/Lattafa/Raghba_Wood_Intense,7.6,461,Men
Light Blue pour Homme  Eau de Toilette,Dolce & Gabbana,https://www.parfumo.com/Perfumes/Dolce_Gabbana/Light_Blue_pour_Homme_Eau_de_Toilette,7.0,764,Men
Bvlgari Man Wood Neroli,Bvlgari,https://www.parfumo.com/Perfumes/Bvlgari/Bvlgari_Man_Wood_Neroli,7.5,482,Men
Wanderlust (2023),Omanluxury,https://www.parfumo.com/Perfumes/Omanluxury/wanderlust-2023,7.9,360,Men
Titanium,Gisada,https://www.parfumo.com/Perfumes/Gisada/titanium,7.5,478,Men
Guilty Absolu de Parfum pour Homme,Gucci,https://www.parfumo.com/Perfumes/Gucci/guilty-absolu-de-parfum-pour-homme,8.3,285,Men
Pour Lui  Eau de Toilette,Oscar de la Renta,https://www.parfumo.com/Perfumes/Oscar_de_la_Renta/Pour_Lui_Eau_de_Toilette,7.9,368,Men
The World According to Arthur,Penhaligon's,https://www.parfumo.com/Perfumes/Penhaligons/the-world-according-to-arthur-1,8.0,339,Men
Tres Nuit  Eau de Toilette,Armaf,https://www.parfumo.com/Perfumes/Armaf/tres-nuit-eau-de-toilette,7.5,483,Men
Versace L'Homme  Eau de Toilette,Versace,https://www.parfumo.com/Perfumes/Versace/Versace_L_Homme_Eau_de_Toilette,7.6,475,Men
L'Homme Idéal Cologne Forte,Guerlain,https://www.parfumo.com/Perfumes/Guerlain/l-homme-ideal-cologne-forte,8.3,275,Men
Fleur du Mâle,Jean Paul Gaultier,https://www.parfumo.com/Perfumes/Jean_Paul_Gaultier/Fleur_du_Male,7.4,529,Men
Quorum  Eau de Toilette,Puig,https://www.parfumo.com/Perfumes/Puig/Quorum_Eau_de_Toilette,7.5,476,Men
Harrods pour Homme,Roja Parfums,https://www.parfumo.com/Perfumes/Roja_Parfums/harrods-pour-homme,8.5,239,Men
Man Pure  Eau de Toilette,Jil Sander,https://www.parfumo.com/Perfumes/Jil_Sander/Jil_Sander_Man_Pure_Eau_de_Toilette,8.5,242,Men
Fahrenheit 32  Eau de Toilette,Dior,https://www.parfumo.com/Perfumes/Dior/Fahrenheit_32_Eau_de_Toilette,7.7,407,Men
Le 3ᵉ Homme  Eau de Toilette,Caron,https://www.parfumo.com/Perfumes/Caron/Le_3_Homme_Eau_de_Toilette,7.9,365,Men
Absinth  Extrait de Parfum,Nasomatto,https://www.parfumo.com/Perfumes/Nasomatto/Absinth,7.5,461,Men
Much Ado About the Duke,Penhaligon's,https://www.parfumo.com/Perfumes/Penhaligons/much-ado-about-the-duke-1,7.8,389,Men
Altamir  Eau de Toilette,Ted Lapidus,https://www.parfumo.com/Perfumes/Ted_Lapidus/Altamir_Eau_de_Toilette,7.7,414,Men
Allure Homme Sport Superleggera,Chanel,https://www.parfumo.com/Perfumes/Chanel/allure-homme-sport-superleggera,7.7,421,Men
Havana  Eau de Toilette,Aramis,https://www.parfumo.com/Perfumes/Aramis/Havana_Eau_de_Toilette,7.9,352,Men
Le Sel d'Issey  Eau de Parfum,Issey Miyake,https://www.parfumo.com/Perfumes/Issey_Miyake/le-sel-d-issey-eau-de-parfum,8.0,343,Men
Joop! Homme Absolute,Joop!,https://www.parfumo.com/Perfumes/Joop/Joop_Homme_Absolute,7.8,388,Men
Darley,Parfums de Marly,https://www.parfumo.com/Perfumes/Parfums_de_Marly/Darley,7.8,382,Men
Habit Rouge Parfum,Guerlain,https://www.parfumo.com/Perfumes/Guerlain/habit-rouge-parfum,8.0,319,Men
Cacharel pour L'Homme  Eau de Toilette,Cacharel,https://www.parfumo.com/Perfumes/Cacharel/Cacharel_pour_L_Homme_Eau_de_Toilette,8.0,336,Men
Eau de Cèdre,Giorgio Armani,https://www.parfumo.com/Perfumes/Giorgio_Armani/Eau_de_Cedre,7.8,392,Men
Elysium Eau Intense,Roja Parfums,https://www.parfumo.com/Perfumes/Roja_Parfums/elysium-eau-intense,7.5,469,Men
1881 pour Homme (2005)  Eau de Toilette,Cerruti,https://www.parfumo.com/Perfumes/Cerruti/1881_pour_Homme_2005_Eau_de_Toilette,7.3,557,Men
Uomo Signature,Salvatore Ferragamo,https://www.parfumo.com/Perfumes/Salvatore_Ferragamo/Uomo_Signature,7.7,399,Men
Heroic Man,La Rive,https://www.parfumo.com/Perfumes/La_Rive/heroic-man,7.6,418,Men
Vetiver Extreme,Guerlain,https://www.parfumo.com/Perfumes/Guerlain/Vetiver_Extreme,7.9,337,Men
Vétiver,Dior,https://www.parfumo.com/Perfumes/Dior/La_Collection_Couturier_Parfumeur_Vetiver,8.1,296,Men
Déclaration d'Un Soir,Cartier,https://www.parfumo.com/Perfumes/Cartier/Declaration_dun_Soir,7.4,516,Men
New-York,Nicolaï,https://www.parfumo.com/Perfumes/Nicolai/New_York,8.2,289,Men
Mon Guerlain  Eau de Parfum,Guerlain,https://www.parfumo.com/Perfumes/Guerlain/Mon_Guerlain,8.2,2127,Women
Hypnotic Poison  Eau de Toilette,Dior,https://www.parfumo.com/Perfumes/Dior/Hypnotic_Poison,8.0,2486,Women
Delina  Eau de Parfum,Parfums de Marly,https://www.parfumo.com/Perfumes/Parfums_de_Marly/Delina,8.0,2410,Women
Portrait of a Lady  Eau de Parfum,Editions de Parfums Frédéric Malle,https://www.parfumo.com/Perfumes/Editions_de_Parfum_Frederic_Malle/portrait-of-a-lady-eau-de-parfum,8.1,1837,Women
Delina Exclusif,Parfums de Marly,https://www.parfumo.com/Perfumes/Parfums_de_Marly/Delina_Exclusif,8.3,1623,Women
L'Interdit  Eau de Parfum Rouge,Givenchy,https://www.parfumo.com/Perfumes/Givenchy/l-interdit-eau-de-parfum-rouge,8.3,1399,Women
Duchessa,Gritti,https://www.parfumo.com/Perfumes/Gritti/duchessa,8.5,1183,Women
Vanilla | 28  Eau de Parfum,Kayali,https://www.parfumo.com/Perfumes/Kayali/vanilla-28-eau-de-parfum,8.0,1671,Women
For Her Pure Musc  Eau de Parfum,Narciso Rodriguez,https://www.parfumo.com/Perfumes/Narciso_Rodriguez/for-her-pure-musc-eau-de-parfum,7.9,1825,Women
Coco Mademoiselle  Eau de Parfum,Chanel,https://www.parfumo.com/Perfumes/Chanel/Coco_Mademoiselle,7.8,2010,Women
Shalimar  Eau de Parfum,Guerlain,https://www.parfumo.com/Perfumes/Guerlain/Shalimar,8.0,1701,Women
Libre  Eau de Parfum Intense,Yves Saint Laurent,https://www.parfumo.com/Perfumes/Yves_Saint_Laurent/libre-eau-de-parfum-intense,8.2,1383,Women
L'Instant Magic  Eau de Parfum,Guerlain,https://www.parfumo.com/Perfumes/Guerlain/L_Instant_Magic,8.2,1347,Women
Rouge Smoking  Eau de Parfum,bdk Parfums,https://www.parfumo.com/Perfumes/bdk_Parfums/rouge-smoking-eau-de-parfum,8.0,1560,Women
Sunshine Woman,Amouage,https://www.parfumo.com/Perfumes/Amouage/Sunshine,8.1,1386,Women
For Her  Eau de Toilette,Narciso Rodriguez,https://www.parfumo.com/Perfumes/Narciso_Rodriguez/For_Her_Eau_de_Toilette,7.8,1777,Women
Alien  Eau de Parfum,Mugler,https://www.parfumo.com/Perfumes/mugler/Alien,7.4,2652,Women
Dama Bianca  Eau de Parfum,Casamorati,https://www.parfumo.com/Perfumes/casamorati/dama-bianca-eau-de-parfum,8.0,1359,Women
Love Don't Be Shy  Perfume,Kilian,https://www.parfumo.com/Perfumes/Kilian/Love,7.8,1704,Women
Goddess  Eau de Parfum,Burberry,https://www.parfumo.com/Perfumes/Burberry/goddess-eau-de-parfum,7.8,1590,Women
Dior Addict (2014)  Eau de Parfum,Dior,https://www.parfumo.com/Perfumes/Dior/Dior_Addict_2014,8.3,995,Women
Libre  Eau de Parfum,Yves Saint Laurent,https://www.parfumo.com/Perfumes/Yves_Saint_Laurent/libre-eau-de-parfum,7.5,2095,Women
Coco  Eau de Parfum,Chanel,https://www.parfumo.com/Perfumes/Chanel/Coco,8.4,921,Women
For Her Musc Noir Rose,Narciso Rodriguez,https://www.parfumo.com/Perfumes/Narciso_Rodriguez/for-her-musc-noir-rose,8.2,1055,Women
Hundred Silent Ways  Extrait de Parfum,Nishane,https://www.parfumo.com/Perfumes/Nishane/Hundred_Silent_Ways,8.0,1209,Women
Narciso  Eau de Parfum Poudrée,Narciso Rodriguez,https://www.parfumo.com/Perfumes/Narciso_Rodriguez/Narciso_Eau_de_Parfum_Poudree,7.9,1299,Women
Kenzo Amour,Kenzo,https://www.parfumo.com/Perfumes/Kenzo/Kenzo_Amour,8.2,1056,Women
Mon Guerlain  Eau de Parfum Intense,Guerlain,https://www.parfumo.com/Perfumes/Guerlain/Mon_Guerlain_Eau_de_Parfum_Intense,8.4,858,Women
La Belle Le Parfum,Jean Paul Gaultier,https://www.parfumo.com/Perfumes/Jean_Paul_Gaultier/la-belle-le-parfum,8.3,896,Women
La Belle,Jean Paul Gaultier,https://www.parfumo.com/Perfumes/Jean_Paul_Gaultier/La_Belle,8.0,1199,Women
Chloé (2007)  Eau de Parfum,Chloé,https://www.parfumo.com/Perfumes/Chloe/Chloe,7.6,1673,Women
Aqua Allegoria Mandarine Basilic,Guerlain,https://www.parfumo.com/Perfumes/Guerlain/Aqua_Allegoria_Mandarine_Basilic,7.9,1210,Women
L'Heure Bleue  Eau de Parfum,Guerlain,https://www.parfumo.com/Perfumes/Guerlain/L_Heure_Bleue,8.3,861,Women
Coromandel  Eau de Toilette,Chanel,https://www.parfumo.com/Perfumes/Chanel/Les_Exclusifs_de_Chanel__Coromandel,8.3,873,Women
Cinéma  Eau de Parfum,Yves Saint Laurent,https://www.parfumo.com/Perfumes/Yves_Saint_Laurent/Cinema_Eau_de_Parfum,8.0,1104,Women
Delina La Rosée,Parfums de Marly,https://www.parfumo.com/Perfumes/Parfums_de_Marly/delina-la-rosee,8.1,941,Women
Black Opium  Eau de Parfum,Yves Saint Laurent,https://www.parfumo.com/Perfumes/Yves_Saint_Laurent/Black_Opium,7.2,2078,Women
Cheirosa '62  Perfume Mist,Sol de Janeiro,https://www.parfumo.com/Perfumes/Sol_de_Janeiro/cheirosa-62-brazilian-crush-cheirosa-62-perfume-mist,7.8,1210,Women
Memoir Woman  Eau de Parfum,Amouage,https://www.parfumo.com/Perfumes/Amouage/Memoir_Woman,8.3,780,Women
This Is Her!,Zadig & Voltaire,https://www.parfumo.com/Perfumes/Zadig__Voltaire/This_is_Her,7.6,1470,Women
Good Girl  Eau de Parfum,Carolina Herrera,https://www.parfumo.com/Perfumes/Carolina_Herrera/Good_Girl_Eau_de_Parfum,7.6,1476,Women
Florabotanica,Balenciaga,https://www.parfumo.com/Perfumes/Balenciaga/Florabotanica,7.8,1115,Women
Eclaire,Lattafa,https://www.parfumo.com/Perfumes/Lattafa/eclaire,7.9,1044,Women
Zen (2007)  Eau de Parfum,Shiseido,https://www.parfumo.com/Perfumes/Shiseido/Zen_2007_Eau_de_Parfum,7.8,1153,Women
J'adore  Eau de Parfum,Dior,https://www.parfumo.com/Perfumes/Dior/J_Adore,7.5,1515,Women
Pikovaya Dama,Xerjoff,https://www.parfumo.com/Perfumes/Xerjoff/pikovaya-dama,8.1,889,Women
Noir pour Femme,Tom Ford,https://www.parfumo.com/Perfumes/Tom_Ford/Noir_pour_Femme,8.4,689,Women
Libre Le Parfum,Yves Saint Laurent,https://www.parfumo.com/Perfumes/Yves_Saint_Laurent/libre-le-parfum,8.4,697,Women
Mitsouko  Eau de Parfum,Guerlain,https://www.parfumo.com/Perfumes/Guerlain/Mitsouko,8.0,924,Women
Signature  Eau de Parfum,Montblanc,https://www.parfumo.com/Perfumes/Montblanc/signature,7.8,1081,Women
Infusion d'Iris (2007)  Eau de Parfum,Prada,https://www.parfumo.com/Perfumes/Prada/Infusion_d_Iris,7.9,960,Women
Chance Eau Tendre  Eau de Toilette,Chanel,https://www.parfumo.com/Perfumes/Chanel/Chance_Eau_Tendre_Eau_deToilette,8.0,909,Women
N°5 Eau Première,Chanel,https://www.parfumo.com/Perfumes/Chanel/No_5_Eau_Premiere,8.2,767,Women
Alien Essence Absolue,Mugler,https://www.parfumo.com/Perfumes/mugler/Alien_Essence_Absolue,8.4,668,Women
Pour Femme  Eau de Parfum,Lacoste,https://www.parfumo.com/Perfumes/Lacoste/Lacoste_pour_Femme,7.8,995,Women
Light Blue  Eau de Toilette,Dolce & Gabbana,https://www.parfumo.com/Perfumes/Dolce_Gabbana/light-blue-eau-de-toilette,7.3,1628,Women
Black Opium Le Parfum,Yves Saint Laurent,https://www.parfumo.com/Perfumes/Yves_Saint_Laurent/black-opium-le-parfum,8.4,627,Women
Coco Mademoiselle  Eau de Parfum Intense,Chanel,https://www.parfumo.com/Perfumes/Chanel/Coco_Mademoiselle_Eau_de_Parfum_Intense,8.3,702,Women
Crystal Noir  Eau de Parfum,Versace,https://www.parfumo.com/Perfumes/Versace/Crystal_Noir_Eau_de_Parfum,8.0,852,Women
Mon Précieux Nectar,Guerlain,https://www.parfumo.com/Perfumes/Guerlain/Mon_Precieux_Nectar,8.3,662,Women
Le Bain  Eau de Parfum,Joop!,https://www.parfumo.com/Perfumes/Joop/Le_Bain,7.6,1166,Women
Vanille West Indies,Ligne St Barth,https://www.parfumo.com/Perfumes/Ligne_St_Barth/Vanille_West_Indies,8.3,653,Women
Irisss,Xerjoff,https://www.parfumo.com/Perfumes/Xerjoff/irisss,8.0,825,Women
Coco Noir  Eau de Parfum,Chanel,https://www.parfumo.com/Perfumes/Chanel/Coco_Noir,7.7,994,Women
Cloud  Eau de Parfum,Ariana Grande,https://www.parfumo.com/Perfumes/Ariana_Grande/cloud-eau-de-parfum,7.4,1338,Women
Nomade  Eau de Parfum,Chloé,https://www.parfumo.com/Perfumes/Chloe/Nomade,7.6,1062,Women
Shalimar L'Essence,Guerlain,https://www.parfumo.com/Perfumes/Guerlain/shalimar-l-essence,8.6,508,Women
Chance Eau Tendre  Eau de Parfum,Chanel,https://www.parfumo.com/Perfumes/Chanel/Chance_Eau_Tendre_Eau_de_Parfum,8.1,727,Women
Manifesto L'Elixir,Yves Saint Laurent,https://www.parfumo.com/Perfumes/Yves_Saint_Laurent/Manifesto_L_Elixir,8.5,542,Women
Gourmand Coquin,Guerlain,https://www.parfumo.com/Perfumes/Guerlain/gourmand-coquin,8.4,575,Women
N°5  Parfum,Chanel,https://www.parfumo.com/Perfumes/Chanel/No_5,7.4,1263,Women
Shalimar Parfum Initial,Guerlain,https://www.parfumo.com/Perfumes/Guerlain/Shalimar_Parfum_Initial,8.1,684,Women
Classique  Eau de Toilette,Jean Paul Gaultier,https://www.parfumo.com/Perfumes/Jean_Paul_Gaultier/Jean_Paul_Gaultier_Classique,7.6,1043,Women
L'Impératrice,Dolce & Gabbana,https://www.parfumo.com/Perfumes/Dolce_Gabbana/l-imperatrice,7.5,1200,Women
N°19  Eau de Parfum,Chanel,https://www.parfumo.com/Perfumes/Chanel/N19_Eau_de_Parfum,8.6,491,Women
Bottega Veneta  Eau de Parfum,Bottega Veneta,https://www.parfumo.com/Perfumes/Bottega_Veneta/Bottega_Veneta,7.9,807,Women
I Don't Need a Prince by My Side to Be a Princess,Kilian,https://www.parfumo.com/Perfumes/Kilian/i-don-t-need-a-prince-by-my-side-to-be-a-princess,8.2,639,Women
Light Blue Eau Intense,Dolce & Gabbana,https://www.parfumo.com/Perfumes/Dolce_Gabbana/Light_Blue_Eau_Intense,7.9,802,Women
L'Interdit (2018)  Eau de Parfum,Givenchy,https://www.parfumo.com/Perfumes/Givenchy/L_Interdit_2018,7.7,970,Women
Dior Addict (2002)  Eau de Parfum,Dior,https://www.parfumo.com/Perfumes/Dior/Dior_Addict,8.3,572,Women
La Nuit Trésor à la Folie,Lancôme,https://www.parfumo.com/Perfumes/Lancome/La_Nuit_Tresor__la_Folie,8.2,603,Women
Meliora,Parfums de Marly,https://www.parfumo.com/Perfumes/Parfums_de_Marly/Meliora,7.9,807,Women
Insolence  Eau de Parfum,Guerlain,https://www.parfumo.com/Perfumes/Guerlain/Insolence_Eau_de_Parfum,8.0,749,Women
Remember Me,Jovoy,https://www.parfumo.com/Perfumes/Jovoy/Remember_Me,8.0,709,Women
Jicky  Eau de Parfum,Guerlain,https://www.parfumo.com/Perfumes/Guerlain/Jicky,8.0,724,Women
Chance Eau Fraîche  Eau de Toilette,Chanel,https://www.parfumo.com/Perfumes/Chanel/Chance_Eau_Fraiche_Eau_de_Toilette,7.7,896,Women
Devotion  Eau de Parfum,Dolce & Gabbana,https://www.parfumo.com/Perfumes/Dolce_Gabbana/devotion-eau-de-parfum,7.6,998,Women
Pure Poison,Dior,https://www.parfumo.com/Perfumes/Dior/Pure_Poison,7.8,866,Women
Versense,Versace,https://www.parfumo.com/Perfumes/Versace/Versense,7.8,828,Women
For Her Musc Noir,Narciso Rodriguez,https://www.parfumo.com/Perfumes/Narciso_Rodriguez/for-her-musc-noir,7.9,756,Women
La Fenice pour Femme,The Merchant Of Venice,https://www.parfumo.com/Perfumes/The_Merchant_Of_Venice/La_Fenice_pour_Femme,8.2,603,Women
Oriana,Parfums de Marly,https://www.parfumo.com/Perfumes/Parfums_de_Marly/oriana,7.7,904,Women
Honour Woman  Eau de Parfum,Amouage,https://www.parfumo.com/Perfumes/Amouage/Honour_Woman,7.9,724,Women
Dia Woman  Eau de Parfum,Amouage,https://www.parfumo.com/Perfumes/Amouage/Dia_for_Women,7.9,771,Women
Après L'Ondée  Eau de Toilette,Guerlain,https://www.parfumo.com/Perfumes/Guerlain/Apres_L_ondee,8.2,601,Women
Shalimar Millésime Vanilla Planifolia,Guerlain,https://www.parfumo.com/Perfumes/Guerlain/shalimar-millesime-vanilla-planifolia,8.6,431,Women
Flowerbomb  Eau de Parfum,Viktor & Rolf,https://www.parfumo.com/Perfumes/Viktor_Rolf/Flowerbomb,7.4,1164,Women
Lilac Love  Eau de Parfum,Amouage,https://www.parfumo.com/Perfumes/Amouage/Lilac_Love_Eau_de_Parfum,7.9,745,Women
Ylang in Gold  Eau de Parfum,M. Micallef,https://www.parfumo.com/Perfumes/Martine_Micallef/ylang-in-gold-eau-de-parfum,7.8,782,Women
Sycomore (2008)  Eau de Toilette,Chanel,https://www.parfumo.com/Perfumes/Chanel/Les_Exclusifs_de_Chanel__Sycomore_2008,8.3,519,Women
Shalimar Millésime Tonka,Guerlain,https://www.parfumo.com/Perfumes/Guerlain/shalimar-millesime-tonka,8.5,451,Women
Samsara  Eau de Parfum,Guerlain,https://www.parfumo.com/Perfumes/Guerlain/Samsara,7.9,736,Women
Lalique Le Parfum  Eau de Parfum,Lalique,https://www.parfumo.com/Perfumes/Lalique/Lalique_Le_Parfum_Eau_de_Parfum,7.7,838,Women
La Nuit Trésor L'Eau de Parfum,Lancôme,https://www.parfumo.com/Perfumes/Lancome/La_Nuit_Tresor,7.8,768,Women
Changing Constance,Penhaligon's,https://www.parfumo.com/Perfumes/Penhaligons/changing-constance,8.1,598,Women
Kenzo Jungle,Kenzo,https://www.parfumo.com/Perfumes/Kenzo/Kenzo_Jungle_Jungle_L_Elephant,7.6,875,Women
Angel Muse  Eau de Parfum,Mugler,https://www.parfumo.com/Perfumes/mugler/Angel_Muse_Eau_de_Parfum,7.9,688,Women
Shalimar Ode à la Vanille - Sur la route du Mexique,Guerlain,https://www.parfumo.com/Perfumes/Guerlain/Shalimar_Ode__la_Vanille_Sur_la_route_du_Mexique,8.5,435,Women
Sì  Eau de Parfum,Giorgio Armani,https://www.parfumo.com/Perfumes/Giorgio_Armani/Si,7.2,1226,Women
Valentino Donna Born In Roma  Eau de Parfum,Valentino,https://www.parfumo.com/Perfumes/Valentino/Valentino_Donna_Born_In_Roma,7.5,960,Women
Allure  Eau de Parfum,Chanel,https://www.parfumo.com/Perfumes/Chanel/Allure_Eau_de_Parfum,7.9,712,Women
Shalimar  Eau de Toilette,Guerlain,https://www.parfumo.com/Perfumes/Guerlain/Shalimar_Eau_de_Toilette,8.4,463,Women
My Name,Trussardi,https://www.parfumo.com/Perfumes/Trussardi/My_Name,7.9,701,Women
Armani Code pour Femme  Eau de Parfum,Giorgio Armani,https://www.parfumo.com/Perfumes/Giorgio_Armani/Armani_Code_for_Her,7.6,910,Women
Epic Woman  Eau de Parfum,Amouage,https://www.parfumo.com/Perfumes/Amouage/Epic_Woman,8.0,629,Women
Vol de Nuit  Eau de Toilette,Guerlain,https://www.parfumo.com/Perfumes/Guerlain/Vol_de_Nuit,8.2,541,Women
Coco  Eau de Toilette,Chanel,https://www.parfumo.com/Perfumes/Chanel/Coco_Eau_de_Toilette,8.6,403,Women
Sun  Eau de Toilette,Jil Sander,https://www.parfumo.com/Perfumes/Jil_Sander/sun-eau-de-toilette,7.0,1467,Women
Shalimar Philtre de Parfum,Guerlain,https://www.parfumo.com/Perfumes/Guerlain/shalimar-philtre-de-parfum,8.5,427,Women
Poême  Eau de Parfum,Lancôme,https://www.parfumo.com/Perfumes/Lancome/Pome_Eau_de_Parfum,8.1,562,Women
N°5  Eau de Parfum,Chanel,https://www.parfumo.com/Perfumes/Chanel/N5_Eau_de_Parfum,8.4,456,Women
Valaya  Eau de Parfum,Parfums de Marly,https://www.parfumo.com/Perfumes/Parfums_de_Marly/valaya-eau-de-parfum,7.3,1051,Women
The One  Eau de Parfum,Dolce & Gabbana,https://www.parfumo.com/Perfumes/Dolce_Gabbana/The_One_Eau_de_Parfum,7.4,957,Women
Cheirosa '71,Sol de Janeiro,https://www.parfumo.com/Perfumes/Sol_de_Janeiro/cheirosa-71,7.8,722,Women
Obsession  Eau de Parfum,Calvin Klein,https://www.parfumo.com/Perfumes/Calvin_Klein/Obsession_Eau_de_Parfum,7.7,776,Women
Midnight Poison  Eau de Parfum,Dior,https://www.parfumo.com/Perfumes/Dior/Midnight_Poison_Eau_de_Parfum,8.2,512,Women
Angham  Eau de Parfum,Lattafa,https://www.parfumo.com/Perfumes/Lattafa/angham-eau-de-parfum-1,8.5,430,Women
Green Tea  Eau Parfumée,Elizabeth Arden,https://www.parfumo.com/Perfumes/Elizabeth_Arden/Green_Tea,7.4,941,Women
Safanad,Parfums de Marly,https://www.parfumo.com/Perfumes/Parfums_de_Marly/Safanad,7.9,630,Women
N°5 L'Eau  Eau de Toilette,Chanel,https://www.parfumo.com/Perfumes/Chanel/N5_L_Eau,7.9,615,Women
Aqua Allegoria Pamplelune,Guerlain,https://www.parfumo.com/Perfumes/Guerlain/Aqua_Allegoria_Pamplelune,7.8,714,Women
Lyric Woman  Eau de Parfum,Amouage,https://www.parfumo.com/Perfumes/Amouage/Lyric_Woman,8.0,583,Women
La Petite Robe Noire (2012)  Eau de Parfum,Guerlain,https://www.parfumo.com/Perfumes/Guerlain/La_Petite_Robe_Noire,7.3,991,Women
For Her  Eau de Parfum,Narciso Rodriguez,https://www.parfumo.com/Perfumes/Narciso_Rodriguez/For_Her_Eau_de_Parfum,7.5,890,Women
Shalimar  Extrait,Guerlain,https://www.parfumo.com/Perfumes/Guerlain/Shalimar_Extrait,9.0,282,Women
Narciso  Eau de Parfum Rouge,Narciso Rodriguez,https://www.parfumo.com/Perfumes/Narciso_Rodriguez/Narciso_Eau_de_Parfum_Rouge,7.9,616,Women
Her  Eau de Parfum,Burberry,https://www.parfumo.com/Perfumes/Burberry/her-eau-de-parfum,7.3,1021,Women
Eau des Merveilles  Eau de Toilette,Hermès,https://www.parfumo.com/Perfumes/Hermes/eau-des-merveilles-eau-de-toilette,7.7,756,Women
Pink Molécule 090·09,Zarkoperfume,https://www.parfumo.com/Perfumes/Zarko_Perfume/Pink_Molecule_090_09,7.7,705,Women
Angel  Eau de Parfum,Mugler,https://www.parfumo.com/Perfumes/mugler/Angel,6.8,1678,Women
Luna  Eau de Toilette,Penhaligon's,https://www.parfumo.com/Perfumes/Penhaligons/Luna,7.9,593,Women
La Vie est Belle (L'Eau de Parfum),Lancôme,https://www.parfumo.com/Perfumes/Lancome/la-vie-est-belle-l-eau-de-parfum,6.6,2061,Women
Poison  Eau de Toilette,Dior,https://www.parfumo.com/Perfumes/Dior/Poison_Eau_de_Toilette,8.3,437,Women
Paradoxe  Eau de Parfum,Prada,https://www.parfumo.com/Perfumes/Prada/paradoxe-eau-de-parfum,7.0,1298,Women
Terracotta,Guerlain,https://www.parfumo.com/Perfumes/Guerlain/terracotta-terracotta-le-parfum,7.6,774,Women
Boudoir  Eau de Parfum,Vivienne Westwood,https://www.parfumo.com/Perfumes/Vivienne_Westwood/Boudoir,7.9,594,Women
Black Opium  Eau de Parfum Over Red,Yves Saint Laurent,https://www.parfumo.com/Perfumes/Yves_Saint_Laurent/black-opium-eau-de-parfum-over-red,7.9,578,Women
N°19  Parfum,Chanel,https://www.parfumo.com/Perfumes/Chanel/N19_Parfum,8.1,501,Women
Eau de Shalimar,Guerlain,https://www.parfumo.com/Perfumes/Guerlain/Eau_de_Shalimar,8.3,417,Women
Idôle,Lancôme,https://www.parfumo.com/Perfumes/Lancome/Idole,7.3,910,Women
Emporio Armani...lei/elle/she/ella/女...,Giorgio Armani,https://www.parfumo.com/Perfumes/Giorgio_Armani/Emporio_Armani__leiellesheella__,7.6,701,Women
Dune  Eau de Toilette,Dior,https://www.parfumo.com/Perfumes/Dior/Dune,7.8,622,Women
Ôud Bouquet,Lancôme,https://www.parfumo.com/Perfumes/Lancome/oud-bouquet,8.1,495,Women
Classique Essence de Parfum,Jean Paul Gaultier,https://www.parfumo.com/Perfumes/Jean_Paul_Gaultier/Classique_Essence_de_Parfum,8.5,376,Women
Noa  Eau de Toilette,Cacharel,https://www.parfumo.com/Perfumes/Cacharel/Noa,7.6,721,Women
L'Interdit  Eau de Parfum Intense,Givenchy,https://www.parfumo.com/Perfumes/Givenchy/l-interdit-eau-de-parfum-intense,8.1,472,Women
Cašmir  Eau de Parfum,Chopard,https://www.parfumo.com/Perfumes/Chopard/Camir_Eau_de_Parfum,7.2,962,Women
Attrape-Rêves,Louis Vuitton,https://www.parfumo.com/Perfumes/Louis_Vuitton/Attrape_Rves,8.1,493,Women
N°19 Poudré,Chanel,https://www.parfumo.com/Perfumes/Chanel/No_19_Poudre,7.8,590,Women
Poison  Esprit de Parfum,Dior,https://www.parfumo.com/Perfumes/Dior/Poison_Esprit_de_Parfum,7.9,541,Women
Yum Boujee Marshmallow | 81,Kayali,https://www.parfumo.com/Perfumes/Kayali/yum-boujee-marshmallow-81,8.0,511,Women
Candy  Eau de Parfum,Prada,https://www.parfumo.com/Perfumes/Prada/Candy_Eau_de_Parfum,7.1,1029,Women
Omnia Crystalline  Eau de Toilette,Bvlgari,https://www.parfumo.com/Perfumes/Bvlgari/Omnia_Crystalline,7.5,746,Women
Hypnotic Poison (2014)  Eau de Parfum,Dior,https://www.parfumo.com/Perfumes/Dior/Hypnotic_Poison_Eau_de_Parfum,7.9,526,Women
Poison Girl  Eau de Parfum,Dior,https://www.parfumo.com/Perfumes/Dior/Poison_Girl_Eau_de_Parfum,7.7,637,Women
La Danza delle Libellule  Eau de Parfum,Nobile 1942,https://www.parfumo.com/Perfumes/Nobile_1942/La_Danza_delle_Libellule_Fragranza_Suprema,7.8,586,Women
Perles de Lalique,Lalique,https://www.parfumo.com/Perfumes/Lalique/Perles_De_Lalique,7.5,730,Women
Cassili,Parfums de Marly,https://www.parfumo.com/Perfumes/Parfums_de_Marly/Cassili,7.6,691,Women
L'Ambre des Merveilles,Hermès,https://www.parfumo.com/Perfumes/Hermes/L_Ambre_des_Merveilles,8.0,481,Women
Opium (1977)  Parfum,Yves Saint Laurent,https://www.parfumo.com/Perfumes/Yves_Saint_Laurent/Opium_1977_Parfum,8.0,496,Women
Mitsouko  Extrait,Guerlain,https://www.parfumo.com/Perfumes/Guerlain/Mitsouko_Extrait,9.0,250,Women
You  Eau de Parfum,Glossier,https://www.parfumo.com/Perfumes/Glossier/You,7.5,726,Women
A Drop d'Issey  Eau de Parfum,Issey Miyake,https://www.parfumo.com/Perfumes/Issey_Miyake/a-drop-d-issey-eau-de-parfum,7.7,635,Women
Crystal Noir  Eau de Toilette,Versace,https://www.parfumo.com/Perfumes/Versace/Crystal_Noir_Eau_de_Toilette,7.5,716,Women
L'Instant de Guerlain  Eau de Parfum,Guerlain,https://www.parfumo.com/Perfumes/Guerlain/L_Instant_de_Guerlain,7.8,585,Women
Valentino Donna Rosa Verde,Valentino,https://www.parfumo.com/Perfumes/Valentino/Valentino_Donna_Rosa_Verde,8.1,454,Women
"Love, Chloé",Chloé,https://www.parfumo.com/Perfumes/Chloe/Love,7.8,553,Women
Aqua Allegoria Herba Fresca,Guerlain,https://www.parfumo.com/Perfumes/Guerlain/Aqua_Allegoria_Herba_Fresca,7.7,615,Women
Velvet Orchid  Eau de Parfum,Tom Ford,https://www.parfumo.com/Perfumes/Tom_Ford/Velvet_Orchid_Eau_de_Parfum,7.6,659,Women
Girl of Now,Elie Saab,https://www.parfumo.com/Perfumes/Elie_Saab/Girl_of_Now,7.6,661,Women
Aura  Eau de Parfum,Mugler,https://www.parfumo.com/Perfumes/mugler/Aura_Eau_de_Parfum,7.3,803,Women
Madame Chérie,Câline,https://www.parfumo.com/Perfumes/caline/madame-cherie,8.0,464,Women
N°19  Eau de Toilette,Chanel,https://www.parfumo.com/Perfumes/Chanel/N19_Eau_de_Toilette,8.4,363,Women
Forever and ever Dior,Dior,https://www.parfumo.com/Perfumes/Dior/Forever_and_Ever_Dior,7.9,498,Women
J'adore Parfum d'Eau,Dior,https://www.parfumo.com/Perfumes/Dior/j-adore-parfum-d-eau,8.0,481,Women
Seductive Noir  Eau de Toilette,Guess,https://www.parfumo.com/Perfumes/Guess/seductive-noir-eau-de-toilette,8.1,422,Women
Olympēa  Eau de Parfum,Rabanne,https://www.parfumo.com/Perfumes/Rabanne/Olympea_Eau_de_Parfum,7.2,868,Women
Cristalle Eau Verte  Eau de Toilette Concentrée,Chanel,https://www.parfumo.com/Perfumes/Chanel/cristalle-eau-verte-eau-de-toilette-concentree,8.1,417,Women
Twilly d'Hermès  Eau de Parfum,Hermès,https://www.parfumo.com/Perfumes/Hermes/twilly-d-hermes-eau-de-parfum,7.4,717,Women
L'Heure Bleue  Eau de Toilette,Guerlain,https://www.parfumo.com/Perfumes/Guerlain/L_Heure_Bleue_Eau_de_Toilette,8.6,307,Women
Euphoria  Eau de Parfum,Calvin Klein,https://www.parfumo.com/Perfumes/Calvin_Klein/Euphoria,7.3,797,Women
Yum Pistachio Gelato | 33  Eau de Parfum,Kayali,https://www.parfumo.com/Perfumes/Kayali/yum-pistachio-gelato-33-eau-de-parfum,7.2,832,Women
Not a Perfume  Eau de Parfum,Juliette Has A Gun,https://www.parfumo.com/Perfumes/Juliette_Has_a_Gun/not-a-perfume-eau-de-parfum,6.7,1305,Women
Narcotic V.  Extrait de Parfum,Nasomatto,https://www.parfumo.com/Perfumes/Nasomatto/Narcotic_Venus_Narcotic_V_,7.9,480,Women
Aromatics Elixir  Perfume,Clinique,https://www.parfumo.com/Perfumes/Clinique/Aromatics_Elixir_Perfume,7.6,619,Women
Alien Goddess  Eau de Parfum,Mugler,https://www.parfumo.com/Perfumes/mugler/alien-goddess-eau-de-parfum,7.2,833,Women
Shalimar Millésime Iris,Guerlain,https://www.parfumo.com/Perfumes/Guerlain/shalimar-millesime-iris,8.3,363,Women
Must de Cartier  Parfum,Cartier,https://www.parfumo.com/Perfumes/Cartier/Must_de_Cartier_Parfum,8.7,273,Women
Nuit et Confidences,Goutal,https://www.parfumo.com/Perfumes/goutal/Nuit_et_Confidences,8.0,431,Women
Habanita (2012)  Eau de Parfum,Molinard,https://www.parfumo.com/Perfumes/Molinard/Habanita_Eau_de_Parfum,8.0,433,Women
Amethyst,Lalique,https://www.parfumo.com/Perfumes/Lalique/Amethyst,7.4,678,Women
Iris Poudre,Editions de Parfums Frédéric Malle,https://www.parfumo.com/Perfumes/Editions_de_Parfum_Frederic_Malle/Iris_Poudre,7.8,505,Women
Baiser Volé  Eau de Parfum,Cartier,https://www.parfumo.com/Perfumes/Cartier/Baiser_Vole_Eau_de_Parfum,7.5,626,Women
Bois des Îles  Eau de Toilette,Chanel,https://www.parfumo.com/Perfumes/Chanel/Bois_des_Iles_2007,8.1,403,Women
L'Heure de Nuit,Guerlain,https://www.parfumo.com/Perfumes/Guerlain/L_Heure_de_Nuit,8.2,372,Women
Ana Abiyedh Poudrée,Lattafa,https://www.parfumo.com/Perfumes/Lattafa/ana-abiyedh-poudree,7.8,519,Women
Cheirosa '40  Perfume Mist,Sol de Janeiro,https://www.parfumo.com/Perfumes/Sol_de_Janeiro/cheirosa-40-perfume-mist,8.0,444,Women
Emporio Armani - Power of You,Giorgio Armani,https://www.parfumo.com/Perfumes/Giorgio_Armani/emporio-armani-power-of-you,7.8,518,Women
L'Eau d'Issey  Eau de Toilette,Issey Miyake,https://www.parfumo.com/Perfumes/Issey_Miyake/L_Eau_d_Issey_Eau_de_Toilette,7.3,753,Women
Musk | 12,Kayali,https://www.parfumo.com/Perfumes/Kayali/Musk__12,8.0,428,Women
Scandal Le Parfum,Jean Paul Gaultier,https://www.parfumo.com/Perfumes/Jean_Paul_Gaultier/scandal-le-parfum,8.0,439,Women
Sun Bleached,Une Nuit Nomade,https://www.parfumo.com/Perfumes/Une_Nuit_Nomade/sun-bleached,7.6,588,Women
Love Tuberose,Amouage,https://www.parfumo.com/Perfumes/Amouage/Love_Tuberose,8.0,421,Women
Paloma Picasso  Eau de Parfum,Paloma Picasso,https://www.parfumo.com/Perfumes/Paloma_Picasso/Paloma_Picasso_Mon_Parfum_Eau_de_Parfum,7.8,476,Women
Viva La Juicy Gold Couture,Juicy Couture,https://www.parfumo.com/Perfumes/Juicy_Couture/Viva_La_Juicy_Gold_Couture,7.9,458,Women
Valaya Exclusif,Parfums de Marly,https://www.parfumo.com/Perfumes/Parfums_de_Marly/valaya-exclusif,7.9,437,Women
Youth-Dew  Eau de Parfum,Estēe Lauder,https://www.parfumo.com/Perfumes/Estee_Lauder/Youth_Dew_Eau_de_Parfum,7.7,531,Women
Classique  Eau de Parfum,Jean Paul Gaultier,https://www.parfumo.com/Perfumes/Jean_Paul_Gaultier/Classique_Eau_de_Parfum,8.1,404,Women
Mitsouko  Eau de Toilette,Guerlain,https://www.parfumo.com/Perfumes/Guerlain/Mitsouko_Eau_de_Toilette,8.3,336,Women
Prada (2004),Prada,https://www.parfumo.com/Perfumes/Prada/Prada_2004,7.8,469,Women
La Femme,Prada,https://www.parfumo.com/Perfumes/Prada/La_Femme,7.7,525,Women
Miss Dior Blooming Bouquet (2014),Dior,https://www.parfumo.com/Perfumes/Dior/Miss_Dior_Blooming_Bouquet_2014,7.7,511,Women
Alien Goddess  Eau de Parfum Intense,Mugler,https://www.parfumo.com/Perfumes/mugler/alien-goddess-eau-de-parfum-intense,8.0,416,Women
Seta,Moresque,https://www.parfumo.com/Perfumes/Moresque/seta,8.0,410,Women
Sì  Fiori Eau de Parfum,Giorgio Armani,https://www.parfumo.com/Perfumes/Giorgio_Armani/S_Fiori,8.1,392,Women
Éclat d'Arpège  Eau de Parfum,Lanvin,https://www.parfumo.com/Perfumes/Lanvin/eclat-d-arpege-eau-de-parfum,7.6,551,Women
Nomade Jasmin Naturel,Chloé,https://www.parfumo.com/Perfumes/Chloe/nomade-jasmin-naturel,8.0,403,Women
Club de Nuit Intense Woman,Armaf,https://www.parfumo.com/Perfumes/Armaf/club-de-nuit-intense-woman,7.9,449,Women
Lamar,Kajal,https://www.parfumo.com/Perfumes/Kajal/lamar,7.9,454,Women
Allure Sensuelle  Eau de Parfum,Chanel,https://www.parfumo.com/Perfumes/Chanel/Allure_Sensuelle,7.9,425,Women
Must de Cartier  Eau de Toilette,Cartier,https://www.parfumo.com/Perfumes/Cartier/Must_de_Cartier_Eau_de_Toilette,8.1,371,Women
Verveine Cédrat,Jeanne en Provence,https://www.parfumo.com/Perfumes/Jeanne_en_Provence/Verveine_Cedrat,8.0,401,Women
APOM Femme  Eau de Parfum,Maison Francis Kurkdjian,https://www.parfumo.com/Perfumes/Maison_Francis_Kurkdjian/apom-femme-eau-de-parfum,7.8,459,Women
Hypnôse  Eau de Parfum,Lancôme,https://www.parfumo.com/Perfumes/Lancome/Hypnse,7.5,612,Women
Coco Mademoiselle  Eau de Toilette,Chanel,https://www.parfumo.com/Perfumes/Chanel/Coco_Mademoiselle_Eau_de_Toilette,8.0,387,Women
Aqua Allegoria Forte Mandarine Basilic,Guerlain,https://www.parfumo.com/Perfumes/Guerlain/aqua-allegoria-forte-mandarine-basilic,8.0,401,Women
Illusione  Eau de Parfum,Bottega Veneta,https://www.parfumo.com/Perfumes/Bottega_Veneta/Illusione_Eau_de_Parfum,8.0,398,Women
Vol de Nuit  Extrait,Guerlain,https://www.parfumo.com/Perfumes/Guerlain/Vol_de_Nuit_Extrait,8.9,216,Women
Flora Gorgeous Gardenia  Eau de Parfum,Gucci,https://www.parfumo.com/Perfumes/Gucci/flora-gorgeous-gardenia-eau-de-parfum,7.4,649,Women
Athalia,Parfums de Marly,https://www.parfumo.com/Perfumes/Parfums_de_Marly/Athalia,7.7,496,Women
Boss Alive  Eau de Parfum,Hugo Boss,https://www.parfumo.com/Perfumes/Hugo_Boss/boss-alive,7.4,645,Women
Beige  Eau de Toilette,Chanel,https://www.parfumo.com/Perfumes/Chanel/Les_Exclusifs_de_Chanel__Beige_Eau_de_Toilette,7.8,456,Women
Infusion d'Iris Absolue,Prada,https://www.parfumo.com/Perfumes/Prada/Infusion_d_Iris_Absolue,8.3,309,Women
White,Puredistance,https://www.parfumo.com/Perfumes/Puredistance/White,8.3,309,Women
Very Good Girl  Eau de Parfum,Carolina Herrera,https://www.parfumo.com/Perfumes/Carolina_Herrera/very-good-girl-eau-de-parfum,7.5,554,Women
The Only One  Eau de Parfum Intense,Dolce & Gabbana,https://www.parfumo.com/Perfumes/Dolce_Gabbana/the-only-one-eau-de-parfum-intense,8.0,397,Women
Narciso  Eau de Parfum,Narciso Rodriguez,https://www.parfumo.com/Perfumes/Narciso_Rodriguez/Narciso,7.6,537,Women
Her Confession,Lattafa,https://www.parfumo.com/Perfumes/Lattafa/her-confession,7.8,454,Women
L  Eau de Parfum,Lolita Lempicka,https://www.parfumo.com/Perfumes/Lolita_Lempicka/L,7.6,523,Women
The Bewitching Yasmine,Penhaligon's,https://www.parfumo.com/Perfumes/Penhaligons/the-bewitching-yasmine,7.7,479,Women
Decadence,Marc Jacobs,https://www.parfumo.com/Perfumes/Marc_Jacobs/Decadence,7.4,608,Women
Hasu-no-Hana  Eau de Parfum,Grossmith,https://www.parfumo.com/Perfumes/Grossmith/Hasu_no_Hana_Eau_de_Parfum,8.5,268,Women
Eternity  Eau de Parfum,Calvin Klein,https://www.parfumo.com/Perfumes/Calvin_Klein/Eternity_Eau_de_Parfum,7.0,843,Women
Flower by Kenzo  Eau de Parfum,Kenzo,https://www.parfumo.com/Perfumes/Kenzo/FlowerbyKenzo,6.9,946,Women
Private Collection  Eau de Parfum,Estēe Lauder,https://www.parfumo.com/Perfumes/Estee_Lauder/Private_Collection_Eau_de_Parfum,8.2,326,Women
Le Parfum  Eau de Parfum,Elie Saab,https://www.parfumo.com/Perfumes/Elie_Saab/Le_Parfum,7.2,687,Women
Gabrielle Chanel  Eau de Parfum,Chanel,https://www.parfumo.com/Perfumes/Chanel/Gabrielle_Chanel,7.3,661,Women
Safari  Eau de Parfum,Ralph Lauren,https://www.parfumo.com/Perfumes/Ralph_Lauren/Safari_Eau_de_Parfum,8.1,361,Women
Jean-Louis Scherrer  Eau de Toilette,Jean-Louis Scherrer,https://www.parfumo.com/Perfumes/Jean_Louis_Scherrer/Jean_Louis_Scherrer_Eau_de_Toilette,8.1,355,Women
N°5  Eau de Toilette,Chanel,https://www.parfumo.com/Perfumes/Chanel/N5_Eau_de_Toilette,8.2,321,Women
Acqua di Gioia  Eau de Parfum,Giorgio Armani,https://www.parfumo.com/Perfumes/Giorgio_Armani/Acqua_di_Gioia,6.9,889,Women
Lipstick On,Maison Margiela,https://www.parfumo.com/Perfumes/Maison_Margiela/lipstick-on,7.8,427,Women
Farah  Eau de Parfum,Brecourt,https://www.parfumo.com/Perfumes/Brecourt/farah-haram-eau-de-parfum,8.0,369,Women
Féminité du Bois  Eau de Parfum,Shiseido,https://www.parfumo.com/Perfumes/Shiseido/Feminite_du_Bois_Eau_de_Parfum,8.6,249,Women
Yara  Eau de Parfum,Lattafa,https://www.parfumo.com/Perfumes/Lattafa/yara-eau-de-parfum-1,7.3,659,Women
My Way  Eau de Parfum,Giorgio Armani,https://www.parfumo.com/Perfumes/Giorgio_Armani/my-way-eau-de-parfum,6.7,1048,Women
Loulou  Eau de Parfum,Cacharel,https://www.parfumo.com/Perfumes/Cacharel/Loulou_Eau_de_Parfum,7.1,758,Women
Elixir des Merveilles,Hermès,https://www.parfumo.com/Perfumes/Hermes/Elixir_des_Merveilles,7.8,448,Women
Hugo Deep Red,Hugo Boss,https://www.parfumo.com/Perfumes/Hugo_Boss/Hugo_Deep_Red,7.5,559,Women
Dolce Vita  Eau de Toilette,Dior,https://www.parfumo.com/Perfumes/Dior/Dolce_Vita_Eau_de_Toilette,7.6,489,Women
À la Rose  Eau de Parfum,Maison Francis Kurkdjian,https://www.parfumo.com/Perfumes/Maison_Francis_Kurkdjian/a-la-rose-eau-de-parfum,7.6,524,Women
Manifesto Le Parfum,Yves Saint Laurent,https://www.parfumo.com/Perfumes/Yves_Saint_Laurent/Manifesto_Le_Parfum,8.5,271,Women
Rush,Gucci,https://www.parfumo.com/Perfumes/Gucci/Rush,7.3,618,Women
Chance  Eau de Parfum,Chanel,https://www.parfumo.com/Perfumes/Chanel/Chance,7.2,669,Women
Armani Code Satin,Giorgio Armani,https://www.parfumo.com/Perfumes/Giorgio_Armani/Armani_Code_Satin,8.3,306,Women
Lust In Paradise  Eau de Parfum,Ex Nihilo,https://www.parfumo.com/Perfumes/Ex_Nihilo/lust-in-paradise-eau-de-parfum,8.0,368,Women
By Night (White),Profumi del Forte,https://www.parfumo.com/Perfumes/Profumi_del_Forte/By_Night_White,8.0,365,Women
Narciso  Eau de Parfum Ambrée,Narciso Rodriguez,https://www.parfumo.com/Perfumes/Narciso_Rodriguez/narciso-eau-de-parfum-ambree,7.5,550,Women
Cristalle  Eau de Parfum,Chanel,https://www.parfumo.com/Perfumes/Chanel/Cristalle_Eau_de_Parfum,7.9,385,Women
Shalimar Souffle de Parfum,Guerlain,https://www.parfumo.com/Perfumes/Guerlain/Shalimar_Souffle_de_Parfum,7.7,450,Women
Metallique,Tom Ford,https://www.parfumo.com/Perfumes/Tom_Ford/metallique,7.5,525,Women
Nº 4  Eau de Parfum,Jil Sander,https://www.parfumo.com/Perfumes/Jil_Sander/N_4_Eau_de_Parfum,7.6,490,Women
Bloom  Eau de Parfum,Gucci,https://www.parfumo.com/Perfumes/Gucci/Bloom_Eau_de_Parfum,7.3,614,Women
Shalimar Parfum Initial L'Eau,Guerlain,https://www.parfumo.com/Perfumes/Guerlain/Shalimar_Parfum_Initial_L_Eau,8.0,368,Women
Eau Rose  Eau de Toilette,Diptyque,https://www.parfumo.com/Perfumes/Diptyque/Eau_Rose,7.7,430,Women
Kismet (2016),Lubin,https://www.parfumo.com/Perfumes/Lubin/Kismet_2016,8.3,295,Women
Ormonde Woman  Eau de Parfum,Ormonde Jayne,https://www.parfumo.com/Perfumes/Ormonde_Jayne/Ormonde_Woman_Eau_de_Parfum,8.0,370,Women
The Scent for Her  Eau de Parfum,Hugo Boss,https://www.parfumo.com/Perfumes/Hugo_Boss/The_Scent_for_Her_Eau_de_Parfum,7.2,690,Women
1881 pour Femme (1995)  Eau de Toilette,Cerruti,https://www.parfumo.com/Perfumes/Cerruti/1881-pour-femme-1995-eau-de-toilette,7.3,596,Women
Lovefest Burning Cherry | 48  Eau de Parfum,Kayali,https://www.parfumo.com/Perfumes/Kayali/lovefest-burning-cherry-48-eau-de-parfum-1,7.5,515,Women
Roses Vanille  Eau de Parfum,Mancera,https://www.parfumo.com/Perfumes/Mancera/roses-vanille-eau-de-parfum,7.5,512,Women
Paris  Eau de Toilette,Yves Saint Laurent,https://www.parfumo.com/Perfumes/Yves_Saint_Laurent/Paris_Eau_de_Toilette,7.7,439,Women
Lancaster  Eau de Toilette Concentrée,Lancaster,https://www.parfumo.com/Perfumes/Lancaster/Lancaster_Concentrate,8.3,288,Women
Organza  Eau de Parfum,Givenchy,https://www.parfumo.com/Perfumes/Givenchy/Organza,7.8,410,Women
Queening,Mind Games,https://www.parfumo.com/Perfumes/mind-games/queening,8.0,356,Women
Blossom Love  Eau de Parfum,Amouage,https://www.parfumo.com/Perfumes/Amouage/Blossom_Love_Eau_de_Parfum,7.4,541,Women
Cheirosa '59,Sol de Janeiro,https://www.parfumo.com/Perfumes/Sol_de_Janeiro/cheirosa-59,7.7,418,Women
Cuir de Russie  Eau de Toilette,Chanel,https://www.parfumo.com/Perfumes/Chanel/Les_Exclusifs_de_Chanel__Cuir_de_Russie,8.0,338,Women
Jasmin Noir  Eau de Parfum,Bvlgari,https://www.parfumo.com/Perfumes/Bvlgari/Jasmin_Noir,7.5,498,Women
Balenciaga,Balenciaga,https://www.parfumo.com/Perfumes/Balenciaga/balenciaga,7.8,411,Women
Gabrielle Chanel Essence,Chanel,https://www.parfumo.com/Perfumes/Chanel/gabrielle-chanel-essence,7.8,402,Women
Roberto Cavalli (2012),Roberto Cavalli,https://www.parfumo.com/Perfumes/Roberto_Cavalli/Roberto_Cavalli,7.3,559,Women
Tabu  Eau de Cologne,Dana,https://www.parfumo.com/Perfumes/Dana/Tabu_Eau_de_Cologne,8.0,336,Women
Hiris,Hermès,https://www.parfumo.com/Perfumes/Hermes/Hiris,7.8,396,Women
Cristalle  Eau de Toilette,Chanel,https://www.parfumo.com/Perfumes/Chanel/Cristalle_Cristal_Eau_de_Toilette,8.2,300,Women
Fate Woman  Eau de Parfum,Amouage,https://www.parfumo.com/Perfumes/Amouage/Fate_Woman,7.9,359,Women
The Wedding Silk Santal | 36,Kayali,https://www.parfumo.com/Perfumes/Kayali/the-wedding-silk-santal-36,8.0,350,Women
Ciel Woman,Amouage,https://www.parfumo.com/Perfumes/Amouage/Ciel_for_Her,7.7,434,Women
Ananda  Eau de Parfum,M. Micallef,https://www.parfumo.com/Perfumes/Martine_Micallef/Ananda,7.7,431,Women
Ambre Gris,Balmain,https://www.parfumo.com/Perfumes/Balmain/Ambre_Gris,7.6,463,Women
Samsara  Eau de Toilette,Guerlain,https://www.parfumo.com/Perfumes/Guerlain/Samsara_Eau_de_Toilette,8.3,277,Women
Fracas  Eau de Parfum,Robert Piguet,https://www.parfumo.com/Perfumes/Robert_Piguet/Fracas_Eau_de_Parfum,7.7,409,Women
Scandal,Jean Paul Gaultier,https://www.parfumo.com/Perfumes/Jean_Paul_Gaultier/Scandal,6.9,792,Women
31 Rue Cambon  Eau de Toilette,Chanel,https://www.parfumo.com/Perfumes/Chanel/31_rue_Cambon,8.2,297,Women
Pink Sugar  Eau de Toilette,Pink Sugar,https://www.parfumo.com/Perfumes/Pink_Sugar/Pink_Sugar,6.9,765,Women
Satine  Eau de Parfum,Lalique,https://www.parfumo.com/Perfumes/Lalique/Satine_Eau_de_Parfum,7.5,489,Women
Tabac Blond  Eau de Parfum,Caron,https://www.parfumo.com/Perfumes/Caron/Tabac_Blond,8.4,250,Women
Miss Dior (2021)  Eau de Parfum,Dior,https://www.parfumo.com/Perfumes/Dior/miss-dior-2021-eau-de-parfum,7.3,543,Women
Ange ou Démon  Eau de Parfum,Givenchy,https://www.parfumo.com/Perfumes/Givenchy/Ange_ou_Demon,7.6,430,Women
Bonbon  Eau de Parfum,Viktor & Rolf,https://www.parfumo.com/Perfumes/Viktor_Rolf/bonbon-eau-de-parfum,7.4,504,Women
Miss Dior Chérie (2005)  Eau de Parfum,Dior,https://www.parfumo.com/Perfumes/Dior/Miss_Dior_Cherie,7.6,421,Women
Style,Jil Sander,https://www.parfumo.com/Perfumes/Jil_Sander/Jil_Sander_Style,7.6,439,Women
Manifesto,Yves Saint Laurent,https://www.parfumo.com/Perfumes/Yves_Saint_Laurent/Manifesto,7.4,515,Women
Artemisia  Eau de Parfum,Penhaligon's,https://www.parfumo.com/Perfumes/Penhaligons/Artemisia_Eau_de_Parfum,7.5,468,Women
Eau des Merveilles Bleue,Hermès,https://www.parfumo.com/Perfumes/Hermes/Eau_des_Merveilles_Bleue,7.7,414,Women
For Her Fleur Musc  Eau de Parfum,Narciso Rodriguez,https://www.parfumo.com/Perfumes/Narciso_Rodriguez/for-her-fleur-musc-eau-de-parfum,7.6,438,Women
Chant d'Arômes  Eau de Toilette,Guerlain,https://www.parfumo.com/Perfumes/Guerlain/chant-d-aromes-eau-de-toilette,7.9,346,Women
L'Heure Bleue  Extrait,Guerlain,https://www.parfumo.com/Perfumes/Guerlain/L_Heure_Bleue_Extrait,9.0,164,Women
Roses Musk  Eau de Parfum,Montale,https://www.parfumo.com/Perfumes/Montale/roses-musk-eau-de-parfum,7.3,533,Women
Grain de Soleil,Fragonard,https://www.parfumo.com/Perfumes/Fragonard/Grain_de_Soleil,8.1,299,Women
Dioressence  Eau de Toilette,Dior,https://www.parfumo.com/Perfumes/Dior/Dioressence,8.2,287,Women
Roma  Eau de Toilette,Laura Biagiotti,https://www.parfumo.com/Perfumes/Laura_Biagiotti/Roma,7.2,578,Women
Rose Tonnerre,Editions de Parfums Frédéric Malle,https://www.parfumo.com/Perfumes/Editions_de_Parfum_Frederic_Malle/rose-tonnerre-une-rose,7.8,365,Women
Bare Vanilla,Victoria's Secret,https://www.parfumo.com/Perfumes/Victoria_s_Secret/Bare_Vanilla,8.2,286,Women
Diorella  Eau de Toilette,Dior,https://www.parfumo.com/Perfumes/Dior/Diorella,8.0,321,Women
Opium (1977)  Eau de Toilette,Yves Saint Laurent,https://www.parfumo.com/Perfumes/Yves_Saint_Laurent/Opium_1977_Eau_de_Toilette,8.6,209,Women
La Panthère  Eau de Parfum,Cartier,https://www.parfumo.com/Perfumes/Cartier/La_Panthere_Eau_de_Parfum,7.3,540,Women
Daisy Eau So Fresh  Eau de Toilette,Marc Jacobs,https://www.parfumo.com/Perfumes/Marc_Jacobs/Daisy_Eau_So_Fresh,7.3,514,Women
Lipstick Rose,Editions de Parfums Frédéric Malle,https://www.parfumo.com/Perfumes/Editions_de_Parfum_Frederic_Malle/Lipstick_Rose,7.6,433,Women
Good Girl Blush  Eau de Parfum,Carolina Herrera,https://www.parfumo.com/Perfumes/Carolina_Herrera/good-girl-blush-eau-de-parfum,7.5,466,Women
Dear Polly  Eau de Parfum,Vilhelm Parfumerie,https://www.parfumo.com/Perfumes/Vilhelm_Parfumerie/dear-polly-eau-de-parfum,7.6,405,Women
Oriental Essence - Elixir d'Orient,Rituals,https://www.parfumo.com/Perfumes/Rituals/Oriental_Essences__Elixir_d_Orient_Eau_d_Orient,8.0,310,Women
Shalimar Ode à la Vanille - Sur la route de Madagascar,Guerlain,https://www.parfumo.com/Perfumes/Guerlain/Shalimar_Ode__la_Vanille_Sur_la_Route_de_Madagascar,8.4,240,Women
"Love, Chloé Eau Intense",Chloé,https://www.parfumo.com/Perfumes/Chloe/Love_Eau_Intense,8.2,277,Women
Femme (1989)  Eau de Toilette,Rochas,https://www.parfumo.com/Perfumes/Rochas/Rochas_Femme_1989_Eau_de_Toilette,8.0,300,Women
Stella  Eau de Parfum,Stella McCartney,https://www.parfumo.com/Perfumes/Stella_McCartney/Stella,7.9,328,Women
Ishq Al Shuyukh Gold,Lattafa Pride,https://www.parfumo.com/Perfumes/lattafa-pride/ishq-al-shuyukh-gold,8.1,290,Women
Viva La Juicy  Eau de Parfum,Juicy Couture,https://www.parfumo.com/Perfumes/Juicy_Couture/Viva_La_Juicy,7.3,529,Women
Jicky  Extrait,Guerlain,https://www.parfumo.com/Perfumes/Guerlain/Jicky_Extrait,8.9,170,Women
White Tea  Eau de Toilette,Elizabeth Arden,https://www.parfumo.com/Perfumes/Elizabeth_Arden/White_Tea,7.6,417,Women
Sun Delight,Jil Sander,https://www.parfumo.com/Perfumes/Jil_Sander/Sun_Delight,7.4,456,Women
Eau du Soir,Sisley,https://www.parfumo.com/Perfumes/Sisley/Eau_du_Soir,7.6,391,Women
Amarige  Eau de Toilette,Givenchy,https://www.parfumo.com/Perfumes/Givenchy/Amarige_Eau_de_Toilette,7.6,399,Women
Dolce & Gabbana pour Femme (2012)  Eau de Parfum,Dolce & Gabbana,https://www.parfumo.com/Perfumes/Dolce_Gabbana/Dolce__Gabbana_pour_Femme,7.6,413,Women
Valentino Donna (2015)  Eau de Parfum,Valentino,https://www.parfumo.com/Perfumes/Valentino/valentino-donna-2015-eau-de-parfum,7.5,422,Women
Mod Vanilla  Eau de Parfum,Ariana Grande,https://www.parfumo.com/Perfumes/Ariana_Grande/mod-vanilla-eau-de-parfum,7.6,390,Women
Knowing  Eau de Parfum,Estēe Lauder,https://www.parfumo.com/Perfumes/Estee_Lauder/Knowing_Eau_de_Parfum,7.8,343,Women
Daisy  Eau de Toilette,Marc Jacobs,https://www.parfumo.com/Perfumes/Marc_Jacobs/Daisy,7.1,599,Women
Theorema  Eau de Parfum,Fendi,https://www.parfumo.com/Perfumes/Fendi/Theorema_Eau_de_Parfum,8.4,234,Women
Pear Inc.,Juliette Has A Gun,https://www.parfumo.com/Perfumes/Juliette_Has_a_Gun/pear-inc,7.4,469,Women
Club de Nuit Uńtōld,Armaf,https://www.parfumo.com/Perfumes/Armaf/club-de-nuit-untold,7.7,358,Women
Beloved Woman,Amouage,https://www.parfumo.com/Perfumes/Amouage/Beloved,7.8,333,Women
MMMM...,Juliette Has A Gun,https://www.parfumo.com/Perfumes/Juliette_Has_a_Gun/mmmm,7.3,511,Women
Good Girl  Eau de Parfum Légère,Carolina Herrera,https://www.parfumo.com/Perfumes/Carolina_Herrera/Good_Girl_Eau_de_Parfum_Legere,8.0,304,Women
Magie Noire  Eau de Toilette,Lancôme,https://www.parfumo.com/Perfumes/Lancome/Magie_Noire_Eau_de_Toilette,7.7,363,Women
Aventus for Her,Creed,https://www.parfumo.com/Perfumes/Creed/Aventus_for_Her,7.0,604,Women
KL  Eau de Toilette,Karl Lagerfeld,https://www.parfumo.com/Perfumes/karl-lagerfeld/KL_Eau_de_Toilette,8.5,214,Women
Black Perfecto by La Petite Robe Noire  Eau de Parfum Florale,Guerlain,https://www.parfumo.com/Perfumes/Guerlain/Black_Perfecto_by_La_petite_Robe_noire_Eau_de_Parfum_Florale,7.7,371,Women
Trésor (1990)  Eau de Parfum,Lancôme,https://www.parfumo.com/Perfumes/Lancome/Tresor,6.8,736,Women
Indigo,Nest,https://www.parfumo.com/Perfumes/Nest/Indigo,8.0,287,Women
Lolita Lempicka (2012)  Eau de Parfum,Lolita Lempicka,https://www.parfumo.com/Perfumes/Lolita_Lempicka/Lolita_Lempicka_Eau_de_Parfum_2012,7.6,398,Women
Hypnotic Poison Eau Sensuelle,Dior,https://www.parfumo.com/Perfumes/Dior/Hypnotic_Poison_Eau_Sensuelle,7.9,309,Women
Coco  Parfum,Chanel,https://www.parfumo.com/Perfumes/Chanel/Coco_Parfum,9.1,150,Women
Armani Code Cashmere,Giorgio Armani,https://www.parfumo.com/Perfumes/Giorgio_Armani/Armani_Code_Cashmere,8.2,256,Women
Journey Woman,Amouage,https://www.parfumo.com/Perfumes/Amouage/Journey_Woman,7.6,393,Women
Her Elixir de Parfum,Burberry,https://www.parfumo.com/Perfumes/Burberry/her-elixir-de-parfum,7.4,432,Women
La Nuit Trésor Nude,Lancôme,https://www.parfumo.com/Perfumes/Lancome/la-nuit-tresor-nude,7.8,322,Women
Iris Dragées,Lancôme,https://www.parfumo.com/Perfumes/Lancome/Iris_Dragees,8.1,274,Women
Amo Ferragamo  Eau de Parfum,Salvatore Ferragamo,https://www.parfumo.com/Perfumes/Salvatore_Ferragamo/amo-ferragamo-eau-de-parfum,8.0,285,Women
Ysatis  Eau de Toilette,Givenchy,https://www.parfumo.com/Perfumes/Givenchy/Ysatis_Eau_de_Toilette,7.9,305,Women
"24, Faubourg  Eau de Parfum",Hermès,https://www.parfumo.com/Perfumes/Hermes/24_Faubourg_Eau_de_Parfum,7.5,400,Women
Lady Vengeance,Juliette Has A Gun,https://www.parfumo.com/Perfumes/Juliette_Has_a_Gun/Lady_Vengeance,7.2,522,Women
Miss Dior (2012)  Eau de Parfum,Dior,https://www.parfumo.com/Perfumes/Dior/Miss_Dior_Eau_de_Parfum_2012,7.8,327,Women
Gaultier Divine,Jean Paul Gaultier,https://www.parfumo.com/Perfumes/Jean_Paul_Gaultier/gaultier-divine,7.0,590,Women
Mon Guerlain  Eau de Parfum Florale,Guerlain,https://www.parfumo.com/Perfumes/Guerlain/Mon_Guerlain_Eau_de_Parfum_Florale,8.2,255,Women
Vanille Absolu,Montale,https://www.parfumo.com/Perfumes/Montale/Vanille_Absolu,7.5,402,Women
Ginger Biscuit,Jo Malone,https://www.parfumo.com/Perfumes/Jo_Malone/Ginger_Biscuit,7.8,321,Women
Gold Woman  Eau de Parfum,Amouage,https://www.parfumo.com/Perfumes/Amouage/Gold_Woman,7.6,370,Women
Boucheron (1988)  Eau de Parfum,Boucheron,https://www.parfumo.com/Perfumes/Boucheron/Boucheron_1988_Eau_de_Parfum,8.0,284,Women
The Scent Private Accord for Her,Hugo Boss,https://www.parfumo.com/Perfumes/Hugo_Boss/The_Scent_Private_Accord_for_Her,7.9,301,Women
Scherrer 2  Eau de Toilette,Jean-Louis Scherrer,https://www.parfumo.com/Perfumes/Jean_Louis_Scherrer/Scherrer_2_Eau_de_Toilette,7.8,323,Women
Baiser de Russie,Guerlain,https://www.parfumo.com/Perfumes/Guerlain/Baiser_de_Russie,8.1,257,Women
Alien Fusion,Mugler,https://www.parfumo.com/Perfumes/mugler/Alien_Fusion,7.9,296,Women
Chamade  Eau de Parfum,Guerlain,https://www.parfumo.com/Perfumes/Guerlain/Chamade,8.2,244,Women
Iris des Champs  Eau de Parfum,Houbigant,https://www.parfumo.com/Perfumes/Houbigant/Iris_des_Champs,7.9,302,Women
Good Girl  Eau de Parfum Suprême,Carolina Herrera,https://www.parfumo.com/Perfumes/Carolina_Herrera/good-girl-eau-de-parfum-supreme,8.0,276,Women
Elle,Xerjoff,https://www.parfumo.com/Perfumes/Xerjoff/elle,8.0,276,Women
Pure XS for Her,Rabanne,https://www.parfumo.com/Perfumes/Rabanne/Pure_XS_for_Her,7.4,417,Women
Fendi (1987)  Eau de Toilette,Fendi,https://www.parfumo.com/Perfumes/Fendi/fendi-1987-eau-de-toilette,8.2,240,Women
Violet Ida,Miller Harris,https://www.parfumo.com/Perfumes/Miller_Harris/Violet_Ida,8.0,275,Women
Golden Decade  Eau de Parfum,Zara,https://www.parfumo.com/Perfumes/Zara/golden-decade-eau-de-parfum-chapter-no-3-golden-decade-eau-de-parfum-1,8.0,272,Women
Softly,Jil Sander,https://www.parfumo.com/Perfumes/Jil_Sander/Softly,7.6,355,Women
L'Air du Temps  Eau de Toilette,Nina Ricci,https://www.parfumo.com/Perfumes/Nina_Ricci/L_Air_du_Temps_Eau_de_Toilette,7.5,405,Women
Flower by Kenzo L'Élixir,Kenzo,https://www.parfumo.com/Perfumes/Kenzo/Flower_by_Kenzo_L_Elixir,8.1,260,Women
1889 - Moulin Rouge,Histoires de Parfums,https://www.parfumo.com/Perfumes/Histoires_de_Parfums/1889_Moulin_Rouge,7.7,352,Women
Irrésistible Givenchy  Eau de Parfum,Givenchy,https://www.parfumo.com/Perfumes/Givenchy/irresistible-givenchy-eau-de-parfum,7.3,458,Women
Cheap and Chic - I Love Love,Moschino,https://www.parfumo.com/Perfumes/Moschino/Cheap_and_Chic_I_Love_Love,7.4,407,Women
Mystic Dream,Lou de Pre,https://www.parfumo.com/Perfumes/lou-de-pre/mystic-dream,8.4,214,Women
London for Women,Burberry,https://www.parfumo.com/Perfumes/Burberry/Burberry_London_Women,7.5,404,Women
Loukhoum,Keiko Mecheri,https://www.parfumo.com/Perfumes/Keiko_Mecheri/Loukhoum,7.7,346,Women
Mon Exclusif,Guerlain,https://www.parfumo.com/Perfumes/Guerlain/Mon_Exclusif,8.3,223,Women
Sensi,Giorgio Armani,https://www.parfumo.com/Perfumes/Giorgio_Armani/Sensi,8.3,229,Women
Eau de Tulle  Eau de Parfum,Guerlain,https://www.parfumo.com/Perfumes/Guerlain/eau-de-tulle-bouquet-de-la-mariee-le-plus-beau-jour-de-ma-vie-eau-de-parfum,8.2,247,Women
19 Louanges Profanes,Pierre Guillaume,https://www.parfumo.com/Perfumes/Pierre_Guillaume/Louanges_Profanes_No_19,8.0,279,Women
Jil (2009),Jil Sander,https://www.parfumo.com/Perfumes/Jil_Sander/Jil_2009,7.6,364,Women
Flora Gorgeous Orchid,Gucci,https://www.parfumo.com/Perfumes/Gucci/flora-gorgeous-orchid,7.5,385,Women
Insolence  Eau de Toilette,Guerlain,https://www.parfumo.com/Perfumes/Guerlain/Insolence,7.4,416,Women
Mitzah,Dior,https://www.parfumo.com/Perfumes/Dior/La_Collection_Couturier_Parfumeur_Mitzah,8.1,261,Women
For Her Musc Nude,Narciso Rodriguez,https://www.parfumo.com/Perfumes/Narciso_Rodriguez/for-her-musc-nude,7.4,433,Women
Jump Up and Kiss Me Ecstatic,Clive Christian,https://www.parfumo.com/Perfumes/Clive_Christian/jump-up-and-kiss-me-ecstatic,8.3,228,Women
The Only One  Eau de Parfum,Dolce & Gabbana,https://www.parfumo.com/Perfumes/Dolce_Gabbana/the-only-one-eau-de-parfum,7.2,475,Women
Glow,Jennifer Lopez,https://www.parfumo.com/Perfumes/Jennifer_Lopez/Glow_by_J_Lo,7.2,487,Women
Calèche  Eau de Toilette,Hermès,https://www.parfumo.com/Perfumes/Hermes/Caleche,7.8,308,Women
Qaed Al Fursan Unlimited,Lattafa,https://www.parfumo.com/Perfumes/Lattafa/qaed-al-fursan-unlimited,7.1,523,Women
Shem-el-Nessim  Eau de Parfum,Grossmith,https://www.parfumo.com/Perfumes/Grossmith/Shem_el_Nessim_Eau_de_Parfum,8.3,224,Women
Dark Amber & Ginger Lily,Jo Malone,https://www.parfumo.com/Perfumes/Jo_Malone/Dark_Amber_and_Ginger_Lily,7.6,351,Women
Nahema  Parfum,Guerlain,https://www.parfumo.com/Perfumes/Guerlain/Nahema,8.3,227,Women
Oud Save the Queen  Eau de Parfum,Atkinsons,https://www.parfumo.com/Perfumes/Atkinsons/oud-save-the-queen-eau-de-parfum,7.6,356,Women
Note Vanillée  Eau de Parfum,M. Micallef,https://www.parfumo.com/Perfumes/Martine_Micallef/Note_Vanillee,8.0,265,Women
Portrayal Woman,Amouage,https://www.parfumo.com/Perfumes/Amouage/Portrayal_Woman,7.8,305,Women
Allure  Eau de Toilette,Chanel,https://www.parfumo.com/Perfumes/Chanel/Allure_Eau_de_Toilette,7.8,318,Women
Flora Gorgeous Jasmine,Gucci,https://www.parfumo.com/Perfumes/Gucci/flora-gorgeous-jasmine,7.5,379,Women
Ana Abiyedh Rouge  Eau de Parfum,Lattafa,https://www.parfumo.com/Perfumes/Lattafa/ana-abiyedh-rouge-eau-de-parfum-1,7.4,415,Women
Dior Addict (2012)  Eau de Parfum,Dior,https://www.parfumo.com/Perfumes/Dior/Dior_Addict_2012,8.1,244,Women
Elle  Eau de Parfum,Yves Saint Laurent,https://www.parfumo.com/Perfumes/Yves_Saint_Laurent/Elle,7.8,312,Women
Amyris Femme  Eau de Parfum,Maison Francis Kurkdjian,https://www.parfumo.com/Perfumes/Maison_Francis_Kurkdjian/Amyris_femme,7.2,477,Women
Infusion d'Iris  Eau de Toilette,Prada,https://www.parfumo.com/Perfumes/Prada/Infusion_d_Iris_Eau_de_Toilette,8.2,232,Women
Sirène,Fragrance Du Bois,https://www.parfumo.com/Perfumes/Fragrance_Du_Bois/sirene,7.9,287,Women
Sensations  Eau de Toilette,Jil Sander,https://www.parfumo.com/Perfumes/Jil_Sander/Sensations,7.5,371,Women
Balahé  Eau de Toilette,Léonard,https://www.parfumo.com/Perfumes/Leonard/Balahe,8.4,204,Women
Wish  Eau de Parfum,Chopard,https://www.parfumo.com/Perfumes/Chopard/Wish_Eau_de_Parfum,6.8,666,Women
Interlude Woman  Eau de Parfum,Amouage,https://www.parfumo.com/Perfumes/Amouage/Interlude_Woman,7.5,370,Women
Alien Liqueur de Parfum - Création 2013,Mugler,https://www.parfumo.com/Perfumes/mugler/Alien_Liqueur_de_Parfum_Creation_2013,8.4,207,Women
Epic 56 Woman,Amouage,https://www.parfumo.com/Perfumes/Amouage/epic-56-woman,8.4,210,Women
Brit for Women  Eau de Parfum,Burberry,https://www.parfumo.com/Perfumes/Burberry/Brit_for_Woman,7.3,421,Women
Miracle  Eau de Parfum,Lancôme,https://www.parfumo.com/Perfumes/Lancome/Miracle_Eau_de_Parfum,7.2,483,Women
Sahara Noir,Tom Ford,https://www.parfumo.com/Perfumes/Tom_Ford/Sahara_Noir,7.8,297,Women
Elle Anniversary,Xerjoff,https://www.parfumo.com/Perfumes/Xerjoff/elle-anniversary,8.2,231,Women
Woman in Gold  Perfume,Kilian,https://www.parfumo.com/Perfumes/Kilian/Woman_in_Gold,7.8,294,Women
Le Baiser du Dragon  Eau de Parfum,Cartier,https://www.parfumo.com/Perfumes/Cartier/Le_Baiser_du_Dragon,7.8,313,Women
Arpège (1993)  Eau de Parfum,Lanvin,https://www.parfumo.com/Perfumes/Lanvin/Arpege_1993_Eau_de_Parfum,7.8,291,Women
Victoria,Lattafa,https://www.parfumo.com/Perfumes/Lattafa/victoria,7.9,277,Women
Love Delight  Eau de Parfum,Amouage,https://www.parfumo.com/Perfumes/Amouage/love-delight-eau-de-parfum,7.6,345,Women
Aqua Allegoria Coconut Fizz,Guerlain,https://www.parfumo.com/Perfumes/Guerlain/Aqua_Allegoria_Coconut_Fizz,7.6,358,Women
Eau de Lingerie,Guerlain,https://www.parfumo.com/Perfumes/Guerlain/eau-de-lingerie,7.8,309,Women
Gucci Eau de Parfum,Gucci,https://www.parfumo.com/Perfumes/Gucci/Gucci_Eau_de_Parfum,8.2,230,Women
Suave Petals,The Merchant Of Venice,https://www.parfumo.com/Perfumes/The_Merchant_Of_Venice/Suave_Petals,7.8,304,Women
Jour d'Hermès  Eau de Parfum,Hermès,https://www.parfumo.com/Perfumes/Hermes/Jour_d_Hermes,7.2,471,Women
Muse Poudrée,Georges Rech,https://www.parfumo.com/Perfumes/Georges_Rech/Muse_Poudree,7.9,276,Women
Champs-Élysées  Eau de Toilette,Guerlain,https://www.parfumo.com/Perfumes/Guerlain/ChampsElysees,7.5,370,Women
Secrets d'Essences - Vanille Noire,Yves Rocher,https://www.parfumo.com/Perfumes/Yves_Rocher/Secrets_d_Essences_Vanille_Noire,7.2,463,Women
Nuit d'été  Eau de Toilette,Joop!,https://www.parfumo.com/Perfumes/Joop/Nuit_d_ete_Eau_de_Toilette,8.5,186,Women
Cruel Gardénia,Guerlain,https://www.parfumo.com/Perfumes/Guerlain/Cruel_Gardenia,7.5,359,Women
Versace pour Femme Dylan Purple  Eau de Parfum,Versace,https://www.parfumo.com/Perfumes/Versace/versace-pour-femme-dylan-purple-eau-de-parfum,7.6,351,Women
Gin Fizz,Lubin,https://www.parfumo.com/Perfumes/Lubin/Gin_Fizz,7.6,351,Women
Good Girl Gone Bad  Perfume,Kilian,https://www.parfumo.com/Perfumes/Kilian/Good_Girl_Gone_Bad,6.8,631,Women
Invite Only Amber | 23,Kayali,https://www.parfumo.com/Perfumes/Kayali/invite-only-amber-23,7.3,420,Women
New York Nights,Bond No. 9,https://www.parfumo.com/Perfumes/Bond_No_9/New_York_Nights,8.0,258,Women
LolitaLand,Lolita Lempicka,https://www.parfumo.com/Perfumes/Lolita_Lempicka/LolitaLand,7.5,361,Women
Sublime  Eau de Parfum,Jean Patou,https://www.parfumo.com/Perfumes/Jean_Patou/Sublime_Eau_de_Parfum,8.0,249,Women
Peony & Blush Suede  Cologne,Jo Malone,https://www.parfumo.com/Perfumes/Jo_Malone/Peony__Blush_Suede_Cologne,7.3,414,Women
Bitter Sweet,George Gina & Lucy,https://www.parfumo.com/Perfumes/George_Gina__Lucy/Bitter_Sweet,7.9,271,Women
Citizen Queen,Juliette Has A Gun,https://www.parfumo.com/Perfumes/Juliette_Has_a_Gun/Citizen_Queen,7.4,388,Women
Amor Amor  Eau de Toilette,Cacharel,https://www.parfumo.com/Perfumes/Cacharel/amor-amor-eau-de-toilette,7.1,475,Women
Sous le Vent  Eau de Toilette,Guerlain,https://www.parfumo.com/Perfumes/Guerlain/Sous_le_Vent_Eau_de_Toilette,8.4,194,Women
Malabah  Eau de Parfum,Penhaligon's,https://www.parfumo.com/Perfumes/Penhaligons/Malabah_Eau_de_Parfum,7.5,357,Women
Joop! Femme  Eau de Toilette,Joop!,https://www.parfumo.com/Perfumes/Joop/Joop_Femme_Eau_de_Toilette,7.6,333,Women
Obelisk  Eau de Parfum,MCM,https://www.parfumo.com/Perfumes/MCM/Obelisk_Eau_de_Parfum,7.9,276,Women
Aqua Allegoria Nerolia Vetiver,Guerlain,https://www.parfumo.com/Perfumes/Guerlain/aqua-allegoria-nerolia-vetiver,7.2,440,Women
Déjà Vu White Flower | 57  Eau de Parfum,Kayali,https://www.parfumo.com/Perfumes/Kayali/deja-vu-white-flower-57-eau-de-parfum,7.2,447,Women
Barénia  Eau de Parfum,Hermès,https://www.parfumo.com/Perfumes/Hermes/barenia-eau-de-parfum,7.2,454,Women
Knot,Bottega Veneta,https://www.parfumo.com/Perfumes/Bottega_Veneta/Knot,7.4,379,Women
Tendre Poison  Eau de Toilette,Dior,https://www.parfumo.com/Perfumes/Dior/Tendre_Poison,7.9,278,Women
Nahema  Eau de Parfum,Guerlain,https://www.parfumo.com/Perfumes/Guerlain/Nahema_Eau_de_Parfum,8.2,220,Women
Parfum Sacré (1990)  Eau de Parfum,Caron,https://www.parfumo.com/Perfumes/Caron/Parfum_Sacre,8.0,249,Women
Eden,Cacharel,https://www.parfumo.com/Perfumes/Cacharel/Eden,7.0,522,Women
La Petite Robe Noire Ma Robe Sous Le Vent,Guerlain,https://www.parfumo.com/Perfumes/Guerlain/La_petite_Robe_noire_Ma_Robe_Sous_le_Vent_Eau_de_Parfum_Intense,7.7,304,Women
Rosa Moceniga,The Merchant Of Venice,https://www.parfumo.com/Perfumes/The_Merchant_Of_Venice/Rosa_Moceniga,7.8,282,Women
Angel Nova  Eau de Parfum,Mugler,https://www.parfumo.com/Perfumes/mugler/angel-nova-eau-de-parfum,7.0,521,Women
Paradoxe Intense,Prada,https://www.parfumo.com/Perfumes/Prada/paradoxe-intense,7.2,434,Women
Perfect,Marc Jacobs,https://www.parfumo.com/Perfumes/Marc_Jacobs/perfect,7.4,388,Women
Vanille,Réminiscence,https://www.parfumo.com/Perfumes/Reminiscence/Vanille,7.7,305,Women
Roses de Chloé,Chloé,https://www.parfumo.com/Perfumes/Chloe/Roses_de_Chloe,7.6,313,Women
La Belle Paradise Garden,Jean Paul Gaultier,https://www.parfumo.com/Perfumes/Jean_Paul_Gaultier/la-belle-paradise-garden-la-belle-fleur-terrible,7.4,375,Women
Womanity  Eau de Parfum,Mugler,https://www.parfumo.com/Perfumes/mugler/Womanity,6.6,742,Women
Libre Vanille Couture,Yves Saint Laurent,https://www.parfumo.com/Perfumes/Yves_Saint_Laurent/libre-vanille-couture,8.0,252,Women
L'Interdit  Eau de Parfum Rouge Ultime,Givenchy,https://www.parfumo.com/Perfumes/Givenchy/l-interdit-eau-de-parfum-rouge-ultime,7.9,263,Women
Amber Mystique,Estēe Lauder,https://www.parfumo.com/Perfumes/Estee_Lauder/Amber_Mystique,7.8,274,Women
Quelques Fleurs L'Original  Eau de Parfum,Houbigant,https://www.parfumo.com/Perfumes/Houbigant/Quelques_Fleurs_L_Original,7.6,317,Women
The Coveted Duchess Rose,Penhaligon's,https://www.parfumo.com/Perfumes/Penhaligons/the-coveted-duchess-rose,7.4,371,Women
Naxos,Xerjoff,https://www.parfumo.com/Perfumes/Xerjoff/naxos,8.9,12926,Unisex
Alexandria II  Parfum,Xerjoff,https://www.parfumo.com/Perfumes/Xerjoff/alexandria-ii-parfum,8.6,6704,Unisex
Grand Soir  Eau de Parfum,Maison Francis Kurkdjian,https://www.parfumo.com/Perfumes/Maison_Francis_Kurkdjian/grand-soir-eau-de-parfum,8.5,6626,Unisex
London  Extrait de Parfum,Widian,https://www.parfumo.com/Perfumes/Widian/london-extrait-de-parfum,9.0,3894,Unisex
Angels' Share  Eau de Parfum,Kilian,https://www.parfumo.com/Perfumes/Kilian/angels-share-eau-de-parfum,8.6,5330,Unisex
Oud Wood  Eau de Parfum,Tom Ford,https://www.parfumo.com/Perfumes/Tom_Ford/Oud_Wood_Eau_de_Parfum,8.4,6505,Unisex
Torino21,Xerjoff,https://www.parfumo.com/Perfumes/Xerjoff/torino21,8.6,5565,Unisex
40 Knots,Xerjoff,https://www.parfumo.com/Perfumes/Xerjoff/40-knots,8.5,5893,Unisex
Herod,Parfums de Marly,https://www.parfumo.com/Perfumes/Parfums_de_Marly/Royal_Essence_Herod,8.5,5453,Unisex
Side Effect,Initio,https://www.parfumo.com/Perfumes/Initio/Side_Effect,8.5,4520,Unisex
Tobacco Vanille  Eau de Parfum,Tom Ford,https://www.parfumo.com/Perfumes/Tom_Ford/Tobacco_Vanille_Eau_de_Parfum,8.3,5669,Unisex
Afternoon Swim,Louis Vuitton,https://www.parfumo.com/Perfumes/Louis_Vuitton/Afternoon_Swim,8.6,3551,Unisex
Accento,Xerjoff,https://www.parfumo.com/Perfumes/Xerjoff/Accento,8.2,5186,Unisex
Ombre Nomade,Louis Vuitton,https://www.parfumo.com/Perfumes/Louis_Vuitton/Ombre_Nomade,8.1,5511,Unisex
XXI: Art Deco - Blonde Amber,Clive Christian,https://www.parfumo.com/Perfumes/Clive_Christian/xxi-art-deco-blonde-amber,9.0,2420,Unisex
Oajan,Parfums de Marly,https://www.parfumo.com/Perfumes/Parfums_de_Marly/Royal_Essence_Oajan,8.5,3347,Unisex
Uden,Xerjoff,https://www.parfumo.com/Perfumes/Xerjoff/uden,8.6,3038,Unisex
Lira  Eau de Parfum,Casamorati,https://www.parfumo.com/Perfumes/casamorati/lira-eau-de-parfum,8.5,3354,Unisex
Tony Iommi Monkey Special,Xerjoff,https://www.parfumo.com/Perfumes/Xerjoff/tony-iommi-monkey-special,8.3,3729,Unisex
Ombré Leather (2018)  Eau de Parfum,Tom Ford,https://www.parfumo.com/Perfumes/Tom_Ford/ombre-leather-2018-eau-de-parfum,8.3,3813,Unisex
Ani  Extrait de Parfum,Nishane,https://www.parfumo.com/Perfumes/Nishane/Ani,8.3,3723,Unisex
Lost Cherry  Eau de Parfum,Tom Ford,https://www.parfumo.com/Perfumes/Tom_Ford/Lost_Cherry,8.2,3848,Unisex
Oud Satin Mood  Eau de Parfum,Maison Francis Kurkdjian,https://www.parfumo.com/Perfumes/Maison_Francis_Kurkdjian/Oud_Satin_Mood_Eau_de_Parfum,8.2,3898,Unisex
Wūlóng Chá  Extrait de Parfum,Nishane,https://www.parfumo.com/Perfumes/Nishane/Wlng_Cha,8.2,3712,Unisex
Salam,Anfas,https://www.parfumo.com/Perfumes/Anfas/Salam,8.7,2279,Unisex
Ambre Nuit  Eau de Parfum,Dior,https://www.parfumo.com/Perfumes/Dior/ambre-nuit-eau-de-parfum,8.4,2834,Unisex
Virgin Island Water,Creed,https://www.parfumo.com/Perfumes/Creed/Virgin_Island_Water,8.3,3216,Unisex
Oud Republic,Pana Dora,https://www.parfumo.com/Perfumes/pana-dora/oud-republic,8.9,1836,Unisex
Gris Charnel  Eau de Parfum,bdk Parfums,https://www.parfumo.com/Perfumes/bdk_Parfums/gris-charnel-eau-de-parfum,8.2,3281,Unisex
Bois Impérial  Eau de Parfum,Essential Parfums,https://www.parfumo.com/Perfumes/Essential_Parfums/bois-imperial-eau-de-parfum-1,8.1,3721,Unisex
Nefs,Nishane,https://www.parfumo.com/Perfumes/Nishane/Nefs,8.8,1982,Unisex
Khamrah,Lattafa,https://www.parfumo.com/Perfumes/Lattafa/khamrah,8.0,4277,Unisex
Malibù - Party in the Bay,Simone Andreoli,https://www.parfumo.com/Perfumes/Simone_Andreoli/malibu-party-in-the-bay,8.3,3005,Unisex
Hacivat,Nishane,https://www.parfumo.com/Perfumes/Nishane/Hacivat,8.1,3420,Unisex
Oud for Greatness  Eau de Parfum,Initio,https://www.parfumo.com/Perfumes/Initio/oud-for-greatness-eau-de-parfum,8.2,3252,Unisex
Baccarat Rouge 540  Extrait de Parfum,Maison Francis Kurkdjian,https://www.parfumo.com/Perfumes/Maison_Francis_Kurkdjian/Baccarat_Rouge_540_Extrait_de_Parfum,8.2,3148,Unisex
Pacific Chill,Louis Vuitton,https://www.parfumo.com/Perfumes/Louis_Vuitton/pacific-chill,8.4,2650,Unisex
Angélique Noire,Guerlain,https://www.parfumo.com/Perfumes/Guerlain/Angelique_Noire,8.6,2296,Unisex
Ganymede  Eau de Parfum,Marc-Antoine Barrois,https://www.parfumo.com/Perfumes/Marc_Antoine_Barrois/ganymede-eau-de-parfum,8.1,3610,Unisex
Orange Flamingo,Marc Gebauer,https://www.parfumo.com/Perfumes/marc-gebauer/orange-flamingo,8.1,3632,Unisex
Carlisle,Parfums de Marly,https://www.parfumo.com/Perfumes/Parfums_de_Marly/Carlisle,8.4,2726,Unisex
Khaltat Night  Eau de Parfum,Attar Collection,https://www.parfumo.com/Perfumes/Attar_Collection/Khaltat_Night_Eau_de_Parfum,8.6,2187,Unisex
Baccarat Rouge 540  Eau de Parfum,Maison Francis Kurkdjian,https://www.parfumo.com/Perfumes/Maison_Francis_Kurkdjian/Baccarat_Rouge_540_Eau_de_Parfum,7.7,5103,Unisex
Erba Pura,Xerjoff,https://www.parfumo.com/Perfumes/Xerjoff/Erba_Pura,7.4,6728,Unisex
Vibrato,Sospiro,https://www.parfumo.com/Perfumes/Sospiro/vibrato,8.8,1785,Unisex
By the Fireplace,Maison Margiela,https://www.parfumo.com/Perfumes/Maison_Margiela/by-the-fireplace,7.9,4064,Unisex
Gentle Fluidity (Silver),Maison Francis Kurkdjian,https://www.parfumo.com/Perfumes/Maison_Francis_Kurkdjian/gentle-fluidity-silver,8.1,3055,Unisex
Fucking Fabulous  Eau de Parfum,Tom Ford,https://www.parfumo.com/Perfumes/Tom_Ford/Fucking_Fabulous,8.0,3620,Unisex
Cuir Béluga  Eau de Parfum,Guerlain,https://www.parfumo.com/Perfumes/Guerlain/cuir-beluga-eau-de-parfum,8.5,2089,Unisex
Black Afgano  Extrait de Parfum,Nasomatto,https://www.parfumo.com/Perfumes/Nasomatto/Black_Afgano,8.1,2923,Unisex
Musk Therapy  Extrait de Parfum,Initio,https://www.parfumo.com/Perfumes/Initio/musk-therapy-extrait-de-parfum,8.2,2621,Unisex
Tuscan Leather  Eau de Parfum,Tom Ford,https://www.parfumo.com/Perfumes/Tom_Ford/Tuscan_Leather_Eau_de_Parfum,8.2,2591,Unisex
Arabians Tonka,Montale,https://www.parfumo.com/Perfumes/Montale/arabians-tonka,7.9,3609,Unisex
Fico di Amalfi,Acqua di Parma,https://www.parfumo.com/Perfumes/Acqua_di_Parma/fico-di-amalfi,8.2,2635,Unisex
Pacific Rock Moss,Goldfield & Banks,https://www.parfumo.com/Perfumes/Goldfield__Banks/Pacific_Rock_Moss,8.1,2801,Unisex
№ 02 - L'Air du Désert Marocain  Eau de Toilette Intense,Tauer Perfumes,https://www.parfumo.com/Perfumes/Tauer/no-02-l-air-du-desert-marocain-eau-de-toilette-intense,8.5,1948,Unisex
Amber Star,Xerjoff,https://www.parfumo.com/Perfumes/Xerjoff/amber-star,8.6,1745,Unisex
Baraonda  Extrait de Parfum,Nasomatto,https://www.parfumo.com/Perfumes/Nasomatto/Baraonda,8.5,1993,Unisex
Gris Charnel  Extrait,bdk Parfums,https://www.parfumo.com/Perfumes/bdk_Parfums/gris-charnel-extrait,8.5,1969,Unisex
Bal d'Afrique  Eau de Parfum,Byredo,https://www.parfumo.com/Perfumes/Byredo/Bal_d_Afrique_Eau_de_Parfum,8.1,2704,Unisex
Spiritueuse Double Vanille,Guerlain,https://www.parfumo.com/Perfumes/Guerlain/Spiritueuse_Double_Vanille,8.5,1816,Unisex
Musc Ravageur  Eau de Parfum,Editions de Parfums Frédéric Malle,https://www.parfumo.com/Perfumes/Editions_de_Parfum_Frederic_Malle/musc-ravageur-eau-de-parfum,8.1,2634,Unisex
Détour Noir,Al Haramain,https://www.parfumo.com/Perfumes/Al_Haramain/Detour_Noir,8.1,2615,Unisex
Pegasus,Parfums de Marly,https://www.parfumo.com/Perfumes/Parfums_de_Marly/Pegasus,7.9,3112,Unisex
Oud Satin Mood  Extrait de Parfum,Maison Francis Kurkdjian,https://www.parfumo.com/Perfumes/Maison_Francis_Kurkdjian/Oud_Satin_Mood_Extrait_de_Parfum,8.5,1770,Unisex
Liquid Brun,French Avenue,https://www.parfumo.com/Perfumes/french-avenue/liquid-brun,8.4,1887,Unisex
Rehab,Initio,https://www.parfumo.com/Perfumes/Initio/Rehab,8.3,2171,Unisex
Isola Blu  Parfum,Roja Parfums,https://www.parfumo.com/Perfumes/Roja_Parfums/isola-blu-parfum-oligarch-parfum,8.7,1520,Unisex
Renaissance,Xerjoff,https://www.parfumo.com/Perfumes/Xerjoff/renaissance,8.1,2573,Unisex
Jazz Club,Maison Margiela,https://www.parfumo.com/Perfumes/Maison_Margiela/jazz-club,7.8,3317,Unisex
Oud Maracujá,Maison Crivelli,https://www.parfumo.com/Perfumes/Maison_Crivelli/oud-maracuja,8.1,2434,Unisex
Sillage,Kinetic Perfumes,https://www.parfumo.com/Perfumes/kinetic-perfumes/sillage,8.6,1420,Unisex
Black Tie  Eau de Parfum,Celine,https://www.parfumo.com/Perfumes/Celine/black-tie-eau-de-parfum,8.6,1429,Unisex
Liam,Lattafa,https://www.parfumo.com/Perfumes/Lattafa/liam,8.1,2193,Unisex
Amber Aoud  Parfum,Roja Parfums,https://www.parfumo.com/Perfumes/Roja_Parfums/Amber_Aoud,8.5,1531,Unisex
Tonka Impériale,Guerlain,https://www.parfumo.com/Perfumes/Guerlain/Tonka_Imperiale,8.5,1462,Unisex
Au Coeur du Désert,Tauer Perfumes,https://www.parfumo.com/Perfumes/Tauer/Au_Coeur_du_Desert,8.5,1449,Unisex
Royal Oud,Creed,https://www.parfumo.com/Perfumes/Creed/Royal_Oud,8.2,1901,Unisex
Red Tobacco,Mancera,https://www.parfumo.com/Perfumes/Mancera/Red_Tobacco,7.9,2511,Unisex
Erba Gold,Xerjoff,https://www.parfumo.com/Perfumes/Xerjoff/Erba_Gold,8.2,1948,Unisex
Babycat,Yves Saint Laurent,https://www.parfumo.com/Perfumes/Yves_Saint_Laurent/babycat,8.3,1829,Unisex
Tuxedo  Eau de Parfum,Yves Saint Laurent,https://www.parfumo.com/Perfumes/Yves_Saint_Laurent/tuxedo-eau-de-parfum,8.5,1485,Unisex
Zaya,Parfums d'Elmar,https://www.parfumo.com/Perfumes/Parfums_dElmar/zaya,8.8,1113,Unisex
Moonlight,Pana Dora,https://www.parfumo.com/Perfumes/pana-dora/moonlight,8.4,1556,Unisex
Forever Love,Pana Dora,https://www.parfumo.com/Perfumes/pana-dora/forever-love,8.5,1438,Unisex
Chergui  Eau de Parfum,Serge Lutens,https://www.parfumo.com/Perfumes/Serge_Lutens/chergui-eau-de-parfum,8.1,1951,Unisex
Pomelo Sorrento,Gritti,https://www.parfumo.com/Perfumes/Gritti/Pomelo_Sorrento,8.3,1625,Unisex
Aventus Cologne,Creed,https://www.parfumo.com/Perfumes/Creed/Aventus_Cologne,8.4,1461,Unisex
Triumph of Bacchus  Eau de Parfum,Argos,https://www.parfumo.com/Perfumes/Argos/triumph-of-bacchus-eau-de-parfum,8.5,1347,Unisex
Ishq,Anfas,https://www.parfumo.com/Perfumes/Anfas/ishq,8.4,1447,Unisex
African Leather  Eau de Parfum,Memo Paris,https://www.parfumo.com/Perfumes/memo-paris/african-leather-eau-de-parfum,8.3,1540,Unisex
Marzocco  Eau de Parfum,Roberto Ugolini,https://www.parfumo.com/Perfumes/Roberto_Ugolini/marzocco-eau-de-parfum,8.4,1482,Unisex
Kirkè  Extrait de Parfum,Tiziana Terenzi,https://www.parfumo.com/Perfumes/Tiziana_Terenzi/kirke-extrait-de-parfum,7.6,3127,Unisex
17 Rosso,Roberto Ugolini,https://www.parfumo.com/Perfumes/Roberto_Ugolini/17-rosso,8.0,2016,Unisex
Noir de Noir  Eau de Parfum,Tom Ford,https://www.parfumo.com/Perfumes/Tom_Ford/Noir_de_Noir_Eau_de_Parfum,8.2,1655,Unisex
Wood Sage & Sea Salt  Cologne,Jo Malone,https://www.parfumo.com/Perfumes/Jo_Malone/Wood_Sage__Sea_Salt_Cologne,8.1,1818,Unisex
A Midsummer Dream,Roja Parfums,https://www.parfumo.com/Perfumes/Roja_Parfums/A_Midsummer_Dream,8.2,1589,Unisex
Soleil Blanc  Eau de Parfum,Tom Ford,https://www.parfumo.com/Perfumes/Tom_Ford/Soleil_Blanc_Eau_de_Parfum,8.0,1859,Unisex
Arabesque,The Merchant Of Venice,https://www.parfumo.com/Perfumes/The_Merchant_Of_Venice/Arabesque,8.4,1332,Unisex
La Capitale,Xerjoff,https://www.parfumo.com/Perfumes/Xerjoff/la-capitale,8.2,1610,Unisex
Blanche Bête,Liquides Imaginaires,https://www.parfumo.com/Perfumes/liquides-imaginaires/blanche-bete,8.1,1736,Unisex
Coromandel  Eau de Parfum,Chanel,https://www.parfumo.com/Perfumes/Chanel/Les_Exclusifs_de_Chanel__Coromandel_Eau_de_Parfum,8.5,1280,Unisex
Mandarino di Amalfi  Eau de Parfum,Tom Ford,https://www.parfumo.com/Perfumes/Tom_Ford/Mandarino_di_Amalfi_Eau_de_Parfum,8.1,1662,Unisex
Sahara,Widian,https://www.parfumo.com/Perfumes/Widian/sahara,8.6,1102,Unisex
Dates Delight,The House of Oud,https://www.parfumo.com/Perfumes/The_House_of_Oud/Dates_Delight,8.4,1303,Unisex
Opera,Xerjoff,https://www.parfumo.com/Perfumes/Xerjoff/Opera,8.0,1857,Unisex
Tilia,Marc-Antoine Barrois,https://www.parfumo.com/Perfumes/Marc_Antoine_Barrois/tilia,8.1,1649,Unisex
Torino22,Xerjoff,https://www.parfumo.com/Perfumes/Xerjoff/torino22,8.2,1550,Unisex
Black Orchid  Eau de Parfum,Tom Ford,https://www.parfumo.com/Perfumes/Tom_Ford/Black_Orchid_Eau_de_Parfum,7.6,2667,Unisex
Alexandria III,Xerjoff,https://www.parfumo.com/Perfumes/Xerjoff/alexandria-iii,8.6,1130,Unisex
Burlington 1819,Roja Parfums,https://www.parfumo.com/Perfumes/Roja_Parfums/burlington-1819,8.4,1272,Unisex
Cedrat Boise,Mancera,https://www.parfumo.com/Perfumes/Mancera/Cedrat_Boise,7.7,2301,Unisex
Absolu Aventus,Creed,https://www.parfumo.com/Perfumes/Creed/absolu-aventus,8.5,1186,Unisex
Blessed Baraka,Initio,https://www.parfumo.com/Perfumes/Initio/Blessed_Baraka,8.2,1493,Unisex
"5 - Floral, Amber, Sensual Musk  Eau de Parfum",Rosendo Mateu - Olfactive Expressions,https://www.parfumo.com/Perfumes/Rosendo_Mateu__Olfactive_Expressions/5-floral-amber-sensual-musk-eau-de-parfum,8.1,1630,Unisex
Gris Dior  Eau de Parfum,Dior,https://www.parfumo.com/Perfumes/Dior/gris-dior-gris-montaigne-eau-de-parfum,8.1,1668,Unisex
Molecule 01,Escentric Molecules,https://www.parfumo.com/Perfumes/Escentric_Molecules/Molecule_01,7.6,2666,Unisex
Il Padrino,Sospiro,https://www.parfumo.com/Perfumes/Sospiro/il-padrino,8.5,1095,Unisex
Paragon,Initio,https://www.parfumo.com/Perfumes/Initio/paragon,8.2,1433,Unisex
Silver Mountain Water,Creed,https://www.parfumo.com/Perfumes/Creed/Silver_Mountain_Water,7.9,1944,Unisex
Gentle Fluidity (Gold),Maison Francis Kurkdjian,https://www.parfumo.com/Perfumes/Maison_Francis_Kurkdjian/gentle-fluidity-gold,8.1,1565,Unisex
Bois d'Argent  Eau de Parfum,Dior,https://www.parfumo.com/Perfumes/Dior/bois-d-argent-eau-de-parfum,8.1,1550,Unisex
Outlands,Amouage,https://www.parfumo.com/Perfumes/Amouage/outlands,8.5,1061,Unisex
Greenley,Parfums de Marly,https://www.parfumo.com/Perfumes/Parfums_de_Marly/greenley,7.8,1957,Unisex
Blue Talisman  Eau de Parfum,Ex Nihilo,https://www.parfumo.com/Perfumes/Ex_Nihilo/blue-talisman-eau-de-parfum,8.2,1347,Unisex
Orchidée Vanille,Van Cleef & Arpels,https://www.parfumo.com/Perfumes/Van_Cleef_Arpels/orchidee-vanille,8.3,1261,Unisex
Shaghaf Oud  Eau de Parfum,Swiss Arabian,https://www.parfumo.com/Perfumes/Swiss_Arabian/shaghaf-oud-eau-de-parfum,7.5,2467,Unisex
God of Fire,Stéphane Humbert Lucas,https://www.parfumo.com/Perfumes/Stephane_Humbert_Lucas/god-of-fire,8.2,1360,Unisex
Les Sables Roses,Louis Vuitton,https://www.parfumo.com/Perfumes/Louis_Vuitton/Les_Sables_Roses,8.4,1089,Unisex
Uden Overdose,Xerjoff,https://www.parfumo.com/Perfumes/Xerjoff/Uden_Overdose,8.2,1294,Unisex
Hibiscus Mahajád,Maison Crivelli,https://www.parfumo.com/Perfumes/Maison_Crivelli/hibiscus-mahajad-1,8.0,1536,Unisex
Liquide (2022),Liquides Imaginaires,https://www.parfumo.com/Perfumes/liquides-imaginaires/liquide-2022,8.4,1087,Unisex
Acqua e Zucchero,Profumum Roma,https://www.parfumo.com/Perfumes/Profumum_Roma/Acqua_e_Zucchero,8.2,1346,Unisex
Absolute Aphrodisiac,Initio,https://www.parfumo.com/Perfumes/Initio/Absolute_Aphrodisiac,8.1,1430,Unisex
Ambre Tabac  Eau de Parfum,Daniel Josier,https://www.parfumo.com/Perfumes/Daniel_Josier/ambre-tabac-eau-de-parfum,8.5,989,Unisex
Sharaf Blend,Zimaya,https://www.parfumo.com/Perfumes/zimaya/sharaf-blend,8.4,1047,Unisex
Intense Cafe,Montale,https://www.parfumo.com/Perfumes/Montale/Intense_Cafe,7.7,1941,Unisex
Dolce Amalfi  Eau de Parfum,Casamorati,https://www.parfumo.com/Perfumes/casamorati/dolce-amalfi-eau-de-parfum,8.0,1451,Unisex
Bianco Latte,Giardini di Toscana,https://www.parfumo.com/Perfumes/Giardini_di_Toscana/Bianco_Latte,7.9,1672,Unisex
Philosykos  Eau de Parfum,Diptyque,https://www.parfumo.com/Perfumes/Diptyque/Philosykos_Eau_de_Parfum,8.2,1210,Unisex
Eau de Soleil Blanc,Tom Ford,https://www.parfumo.com/Perfumes/Tom_Ford/Eau_de_Soleil_Blanc,8.1,1399,Unisex
Accento Overdose,Xerjoff,https://www.parfumo.com/Perfumes/Xerjoff/accento-overdose,8.0,1426,Unisex
Il Capriccio del Maestro,Nobile 1942,https://www.parfumo.com/Perfumes/Nobile_1942/Il_Capriccio_del_Maestro,8.7,813,Unisex
Ingenious Ginger,Goldfield & Banks,https://www.parfumo.com/Perfumes/Goldfield__Banks/ingenious-ginger,8.2,1224,Unisex
L'Eau Papier  Eau de Toilette,Diptyque,https://www.parfumo.com/Perfumes/Diptyque/l-eau-papier-eau-de-toilette,8.0,1441,Unisex
Millésime Impérial,Creed,https://www.parfumo.com/Perfumes/Creed/Millesime_Imperial,7.9,1553,Unisex
Black Phantom - Memento Mori,Kilian,https://www.parfumo.com/Perfumes/Kilian/black-phantom-memento-mori,7.9,1563,Unisex
Gucci Intense Oud,Gucci,https://www.parfumo.com/Perfumes/Gucci/Gucci_Intense_Oud,8.3,1086,Unisex
Marzocco  Extrait de Parfum,Roberto Ugolini,https://www.parfumo.com/Perfumes/Roberto_Ugolini/marzocco-extrait-de-parfum,8.7,783,Unisex
Bois Doré,Van Cleef & Arpels,https://www.parfumo.com/Perfumes/Van_Cleef_Arpels/bois-dore,8.3,1099,Unisex
Un Jardin sur le Nil  Eau de Toilette,Hermès,https://www.parfumo.com/Perfumes/Hermes/un-jardin-sur-le-nil-eau-de-toilette,7.7,1781,Unisex
Khamrah Qahwa,Lattafa,https://www.parfumo.com/Perfumes/Lattafa/khamrah-qahwa,8.0,1411,Unisex
Philosykos  Eau de Toilette,Diptyque,https://www.parfumo.com/Perfumes/Diptyque/Philosykos,8.0,1411,Unisex
Orphéon  Eau de Parfum,Diptyque,https://www.parfumo.com/Perfumes/Diptyque/orpheon-eau-de-parfum,8.1,1232,Unisex
Oceania  Eau de Parfum,Roja Parfums,https://www.parfumo.com/Perfumes/Roja_Parfums/oceania-eau-de-parfum,8.1,1268,Unisex
Le Gemme - Tygar  Eau de Parfum,Bvlgari,https://www.parfumo.com/Perfumes/Bvlgari/le-gemme-tygar-eau-de-parfum,8.5,918,Unisex
Sugar Leather,Une Nuit Nomade,https://www.parfumo.com/Perfumes/Une_Nuit_Nomade/sugar-leather,8.4,1028,Unisex
Fars,Xerjoff,https://www.parfumo.com/Perfumes/Xerjoff/fars,8.2,1174,Unisex
Shaghaf Oud Tonka  Eau de Parfum,Swiss Arabian,https://www.parfumo.com/Perfumes/Swiss_Arabian/shaghaf-oud-tonka-eau-de-parfum,8.3,1079,Unisex
Triumph of Bacchus  Extrait de Parfum,Argos,https://www.parfumo.com/Perfumes/Argos/triumph-of-bacchus-extrait-de-parfum,8.9,685,Unisex
Instant Crush,Mancera,https://www.parfumo.com/Perfumes/Mancera/Instant_Crush,7.9,1475,Unisex
Diaghilev  Parfum,Roja Parfums,https://www.parfumo.com/Perfumes/Roja_Parfums/Diaghilev_Parfum,8.4,985,Unisex
Bouquet Ideale  Eau de Parfum,Casamorati,https://www.parfumo.com/Perfumes/casamorati/bouquet-ideale-eau-de-parfum,8.2,1114,Unisex
2. Nawab of Oudh Intensivo,Ormonde Jayne,https://www.parfumo.com/Perfumes/Ormonde_Jayne/2_Nawab_of_Oudh_Intensivo,8.8,724,Unisex
Starlight,Xerjoff,https://www.parfumo.com/Perfumes/Xerjoff/starlight,8.2,1124,Unisex
Ambre sultan  Eau de Parfum,Serge Lutens,https://www.parfumo.com/Perfumes/Serge_Lutens/ambre-sultan-eau-de-parfum,7.9,1410,Unisex
Carved Oud  Extrait de Parfum,Thameen,https://www.parfumo.com/Perfumes/Thameen/carved-oud-extrait-de-parfum,8.5,869,Unisex
Ambre Narguilé,Hermès,https://www.parfumo.com/Perfumes/Hermes/ambre-narguile,8.4,961,Unisex
Fève Délicieuse,Dior,https://www.parfumo.com/Perfumes/Dior/La_Collection_Privee__Feve_Delicieuse,8.2,1121,Unisex
Ombré Leather Parfum,Tom Ford,https://www.parfumo.com/Perfumes/Tom_Ford/ombre-leather-parfum,8.3,1030,Unisex
Halfeti,Penhaligon's,https://www.parfumo.com/Perfumes/Penhaligons/halfeti,8.1,1176,Unisex
Infinity,Montale,https://www.parfumo.com/Perfumes/Montale/infinity,8.2,1126,Unisex
The Moon,Editions de Parfums Frédéric Malle,https://www.parfumo.com/Perfumes/Editions_de_Parfum_Frederic_Malle/the-moon-1,8.4,886,Unisex
Myrrh & Tonka  Cologne Intense,Jo Malone,https://www.parfumo.com/Perfumes/Jo_Malone/myrrh-tonka-cologne-intense,8.0,1237,Unisex
Haramain Amber Oud Tobacco Edition,Al Haramain,https://www.parfumo.com/Perfumes/Al_Haramain/haramain-amber-oud-tobacco-edition,8.2,1113,Unisex
Rosso Pompei,Tiziana Terenzi,https://www.parfumo.com/Perfumes/Tiziana_Terenzi/rosso-pompei,8.2,1108,Unisex
London  Eau de Parfum,Widian,https://www.parfumo.com/Perfumes/Widian/london-eau-de-parfum,9.2,511,Unisex
Falcon Leather  Eau de Parfum,Matière Première,https://www.parfumo.com/Perfumes/matiere-premiere/falcon-leather,8.1,1140,Unisex
Kaya,Parfums d'Elmar,https://www.parfumo.com/Perfumes/Parfums_dElmar/kaya,8.9,623,Unisex
Bergamotto di Calabria,Acqua di Parma,https://www.parfumo.com/Perfumes/Acqua_di_Parma/bergamotto-di-calabria,8.0,1288,Unisex
Tonka Cola,Mancera,https://www.parfumo.com/Perfumes/Mancera/tonka-cola,7.9,1294,Unisex
Imperial Wood,Pana Dora,https://www.parfumo.com/Perfumes/pana-dora/imperial-wood,8.4,888,Unisex
Mahina,Parfums d'Elmar,https://www.parfumo.com/Perfumes/Parfums_dElmar/mahina,8.6,773,Unisex
Alexandria II Anniversary,Xerjoff,https://www.parfumo.com/Perfumes/Xerjoff/alexandria-ii-anniversary,8.7,715,Unisex
Tobacco Oud,Tom Ford,https://www.parfumo.com/Perfumes/Tom_Ford/Tobacco_Oud,8.1,1141,Unisex
Enclave,Amouage,https://www.parfumo.com/Perfumes/Amouage/enclave,8.1,1123,Unisex
Apollonia,Xerjoff,https://www.parfumo.com/Perfumes/Xerjoff/apollonia,8.0,1195,Unisex
Ivory Route,Xerjoff,https://www.parfumo.com/Perfumes/Xerjoff/ivory-route,8.2,961,Unisex
Velvet Tonka,bdk Parfums,https://www.parfumo.com/Perfumes/bdk_Parfums/velvet-tonka,8.0,1182,Unisex
Dubai - Turath,The Spirit of Dubai,https://www.parfumo.com/Perfumes/the-spirit-of-dubai/the-spirit-of-dubai-turath,8.4,803,Unisex
Leisure in Paradise,Simone Andreoli,https://www.parfumo.com/Perfumes/Simone_Andreoli/leisure-in-paradise,8.0,1197,Unisex
Basso,Sospiro,https://www.parfumo.com/Perfumes/Sospiro/basso,8.5,774,Unisex
Santal Royal  Eau de Parfum,Guerlain,https://www.parfumo.com/Perfumes/Guerlain/Santal_Royal,7.9,1287,Unisex
Bergamask,Orto Parisi,https://www.parfumo.com/Perfumes/Orto_Parisi/Bergamask,7.8,1332,Unisex
Megamare,Orto Parisi,https://www.parfumo.com/Perfumes/Orto_Parisi/Megamare,7.4,2046,Unisex
400,Xerjoff,https://www.parfumo.com/Perfumes/Xerjoff/400,8.2,993,Unisex
Thé Noir 29  Eau de Parfum,Le Labo,https://www.parfumo.com/Perfumes/Le_Labo/The_Noir_29_Eau_de_Parfum,8.1,1006,Unisex
Ginger,Widian,https://www.parfumo.com/Perfumes/Widian/ginger,8.6,699,Unisex
Original Vetiver,Creed,https://www.parfumo.com/Perfumes/Creed/Original_Vetiver,8.0,1115,Unisex
Fleur de Peau  Eau de Parfum,Diptyque,https://www.parfumo.com/Perfumes/Diptyque/fleur-de-peau-eau-de-parfum,8.0,1110,Unisex
Symphonium,Xerjoff,https://www.parfumo.com/Perfumes/Xerjoff/symphonium,8.1,996,Unisex
Crème de Cuir  Eau de Parfum,bdk Parfums,https://www.parfumo.com/Perfumes/bdk_Parfums/creme-de-cuir-eau-de-parfum,8.1,1055,Unisex
Dubai - Rimal  Eau de Parfum,The Spirit of Dubai,https://www.parfumo.com/Perfumes/the-spirit-of-dubai/dubai-rimal-eau-de-parfum,8.7,616,Unisex
Vanilla Diorama,Dior,https://www.parfumo.com/Perfumes/Dior/vanilla-diorama,8.1,991,Unisex
Vintage Radio,Lattafa Pride,https://www.parfumo.com/Perfumes/lattafa-pride/vintage-radio,8.1,1019,Unisex
Eau Duelle  Eau de Toilette,Diptyque,https://www.parfumo.com/Perfumes/Diptyque/Eau_Duelle,8.0,1091,Unisex
Bois d'Arménie,Guerlain,https://www.parfumo.com/Perfumes/Guerlain/Bois_d_Armenie,8.3,817,Unisex
Cruz del Sur II,Xerjoff,https://www.parfumo.com/Perfumes/Xerjoff/cruz-del-sur-ii,8.0,1105,Unisex
Private Garden,Marc Gebauer,https://www.parfumo.com/Perfumes/marc-gebauer/private-garden,8.2,905,Unisex
Divine Vanille,Essential Parfums,https://www.parfumo.com/Perfumes/Essential_Parfums/divine-vanille,7.9,1108,Unisex
Gaultier² (2005),Jean Paul Gaultier,https://www.parfumo.com/Perfumes/Jean_Paul_Gaultier/Gaultier_2,8.0,1095,Unisex
Decas,Xerjoff,https://www.parfumo.com/Perfumes/Xerjoff/decas,7.9,1150,Unisex
"Back to Black, Aphrodisiac  Perfume",Kilian,https://www.parfumo.com/Perfumes/Kilian/back-to-black-aphrodisiac-perfume,7.8,1237,Unisex
Ouverture,Xerjoff,https://www.parfumo.com/Perfumes/Xerjoff/Ouverture,8.1,967,Unisex
Black II  Extrait de Parfum,Widian,https://www.parfumo.com/Perfumes/Widian/black-ii-extrait-de-parfum,8.6,635,Unisex
Leder 6,J.F. Schwarzlose Berlin,https://www.parfumo.com/Perfumes/J_F_Schwarzlose_Berlin/Fetisch,8.0,1012,Unisex
Gypsy Water  Eau de Parfum,Byredo,https://www.parfumo.com/Perfumes/Byredo/Gypsy_Water_Eau_de_Parfum,7.7,1358,Unisex
Psychedelic Love,Initio,https://www.parfumo.com/Perfumes/Initio/Psychedelic_Love,8.1,934,Unisex
Portraits of Portofino,Birkholz,https://www.parfumo.com/Perfumes/Birkholz/portraits-of-portofino,8.5,669,Unisex
Winter Palace,Memo Paris,https://www.parfumo.com/Perfumes/memo-paris/winter-palace,8.1,987,Unisex
Fan Your Flames,Nishane,https://www.parfumo.com/Perfumes/Nishane/Fan_Your_Flames,7.8,1200,Unisex
Terroni,Orto Parisi,https://www.parfumo.com/Perfumes/Orto_Parisi/Terroni,7.9,1093,Unisex
Alexandria Orientale,Xerjoff,https://www.parfumo.com/Perfumes/Xerjoff/alexandria-orientale,8.4,737,Unisex
Manhattan  Eau de Parfum,Roja Parfums,https://www.parfumo.com/Perfumes/Roja_Parfums/manhattan-eau-de-parfum,8.4,756,Unisex
French Riviera,Mancera,https://www.parfumo.com/Perfumes/Mancera/french-riviera,7.9,1123,Unisex
Arancia di Capri,Acqua di Parma,https://www.parfumo.com/Perfumes/Acqua_di_Parma/arancia-di-capri,7.8,1195,Unisex
Vetiver Pamplemousse  Eau de Parfum,Zara,https://www.parfumo.com/Perfumes/Zara/vetiver-pamplemousse-eau-de-parfum-n-01-vetiver-pamplemousse,8.2,865,Unisex
Eau Duelle  Eau de Parfum,Diptyque,https://www.parfumo.com/Perfumes/Diptyque/Eau_Duelle_Eau_de_Parfum,8.1,919,Unisex
DesirToxic,M. Micallef,https://www.parfumo.com/Perfumes/Martine_Micallef/desirtoxic,8.0,1029,Unisex
Buongiorno,Acqua di Parma,https://www.parfumo.com/Perfumes/Acqua_di_Parma/buongiorno,8.4,723,Unisex
Atomic Rose  Eau de Parfum,Initio,https://www.parfumo.com/Perfumes/Initio/atomic-rose-eau-de-parfum,8.1,891,Unisex
City of Stars,Louis Vuitton,https://www.parfumo.com/Perfumes/Louis_Vuitton/city-of-stars,7.9,1048,Unisex
Le Lion de Chanel,Chanel,https://www.parfumo.com/Perfumes/Chanel/le-lion-de-chanel,8.2,856,Unisex
Golden Dallah,Xerjoff,https://www.parfumo.com/Perfumes/Xerjoff/golden-dallah,8.0,963,Unisex
On the Beach,Louis Vuitton,https://www.parfumo.com/Perfumes/Louis_Vuitton/on-the-beach,8.0,939,Unisex
White on White,Xerjoff,https://www.parfumo.com/Perfumes/Xerjoff/white-on-white,8.2,837,Unisex
Néroli Outrenoir  Eau de Parfum,Guerlain,https://www.parfumo.com/Perfumes/Guerlain/neroli-outrenoir-eau-de-parfum,8.3,736,Unisex
Zefiro,Xerjoff,https://www.parfumo.com/Perfumes/Xerjoff/zefiro,7.9,1060,Unisex
Ambre  Extrait de Parfum,Les Eaux Primordiales,https://www.parfumo.com/Perfumes/Les_Eaux_Primordiales/ambre-extrait-de-parfum,8.7,540,Unisex
Vicebomb,Simone Andreoli,https://www.parfumo.com/Perfumes/Simone_Andreoli/vicebomb,8.1,897,Unisex
Fille en aiguilles,Serge Lutens,https://www.parfumo.com/Perfumes/Serge_Lutens/Fille_en_Aiguilles,8.2,824,Unisex
Akkad,Lubin,https://www.parfumo.com/Perfumes/Lubin/Akkad,8.3,754,Unisex
Aoud Lemon Mint,Mancera,https://www.parfumo.com/Perfumes/Mancera/Aoud_Lemon_Mint,7.8,1139,Unisex
Shaghaf Oud Azraq  Eau de Parfum,Swiss Arabian,https://www.parfumo.com/Perfumes/Swiss_Arabian/shaghaf-oud-azraq-eau-de-parfum,8.0,908,Unisex
Kalan,Parfums de Marly,https://www.parfumo.com/Perfumes/Parfums_de_Marly/kalan,7.4,1550,Unisex
Infusion Velours  Eau de Parfum,Ojar,https://www.parfumo.com/Perfumes/ojar/infusion-velours-eau-de-parfum,8.4,675,Unisex
Dusk,The Woods Collection,https://www.parfumo.com/Perfumes/The_Woods_Collection/dusk,8.6,569,Unisex
The Muse,Zarkoperfume,https://www.parfumo.com/Perfumes/Zarko_Perfume/the-muse,7.7,1235,Unisex
Guidance  Eau de Parfum,Amouage,https://www.parfumo.com/Perfumes/Amouage/guidance-eau-de-parfum,7.7,1136,Unisex
Imperium  Extrait de Parfum,Electimuss,https://www.parfumo.com/Perfumes/Electimuss/imperium-extrait-de-parfum,8.2,777,Unisex
Ani X,Nishane,https://www.parfumo.com/Perfumes/Nishane/ani-x,8.2,790,Unisex
Radical Rose  Eau de Parfum,Matière Première,https://www.parfumo.com/Perfumes/matiere-premiere/radical-rose,8.3,734,Unisex
Angels' Share on the Rocks,Kilian,https://www.parfumo.com/Perfumes/Kilian/angels-share-on-the-rocks-1,8.5,620,Unisex
Mojave Ghost  Eau de Parfum,Byredo,https://www.parfumo.com/Perfumes/Byredo/Mojave_Ghost_Eau_de_Parfum,7.7,1199,Unisex
Maahir Legacy,Lattafa,https://www.parfumo.com/Perfumes/Lattafa/maahir-legacy,7.5,1409,Unisex
Vanille Planifolia Extrait 21,Guerlain,https://www.parfumo.com/Perfumes/Guerlain/vanille-planifolia-extrait-21,8.7,525,Unisex
Oud Minérale,Tom Ford,https://www.parfumo.com/Perfumes/Tom_Ford/Oud_Minerale,7.7,1157,Unisex
Bois d'Iris,Van Cleef & Arpels,https://www.parfumo.com/Perfumes/Van_Cleef_Arpels/bois-d-iris,8.1,784,Unisex
Oxford,Roberto Ugolini,https://www.parfumo.com/Perfumes/Roberto_Ugolini/Oxford,8.0,861,Unisex
Five o'clock au gingembre,Serge Lutens,https://www.parfumo.com/Perfumes/Serge_Lutens/Five_O_Clock_Au_Gingembre,7.9,924,Unisex
Kayaan Classic,Al Wataniah,https://www.parfumo.com/Perfumes/Al_Wataniah/kayaan-classic-1,8.8,461,Unisex
Narcotic Delight,Initio,https://www.parfumo.com/Perfumes/Initio/narcotic-delight,7.9,918,Unisex
Sorriso,Profumum Roma,https://www.parfumo.com/Perfumes/Profumum_Roma/Sorriso,7.9,896,Unisex
Opus XIV - Royal Tobacco,Amouage,https://www.parfumo.com/Perfumes/Amouage/opus-xiv-royal-tobacco,8.1,805,Unisex
Comandante!,Xerjoff,https://www.parfumo.com/Perfumes/Xerjoff/comandante,7.9,931,Unisex
You or Someone like You,Etat Libre d'Orange,https://www.parfumo.com/Perfumes/Etat_Libre_d_Orange/you-or-someone-like-you,7.7,1055,Unisex
Eternal Oud,Lattafa Pride,https://www.parfumo.com/Perfumes/lattafa-pride/eternal-oud,7.8,1028,Unisex
Feu,French Avenue,https://www.parfumo.com/Perfumes/french-avenue/feu,8.1,809,Unisex
Amore Caffè,Mancera,https://www.parfumo.com/Perfumes/Mancera/amore-caffe,8.1,801,Unisex
CK One  Eau de Toilette,Calvin Klein,https://www.parfumo.com/Perfumes/Calvin_Klein/CK_One,6.8,2583,Unisex
Pomelo Assoluto,Gritti,https://www.parfumo.com/Perfumes/Gritti/pomelo-assoluto,8.3,677,Unisex
Promise  Parfum,Editions de Parfums Frédéric Malle,https://www.parfumo.com/Perfumes/Editions_de_Parfum_Frederic_Malle/promise-parfum-1,8.1,767,Unisex
Decision,Amouage,https://www.parfumo.com/Perfumes/Amouage/decision,8.3,659,Unisex
Santal 33  Eau de Parfum,Le Labo,https://www.parfumo.com/Perfumes/Le_Labo/Santal_33_Eau_de_Parfum,7.4,1443,Unisex
Mandorlo di Sicilia,Acqua di Parma,https://www.parfumo.com/Perfumes/Acqua_di_Parma/mandorlo-di-sicilia,7.6,1141,Unisex
Armani Privé - Rouge Malachite,Giorgio Armani,https://www.parfumo.com/Perfumes/Giorgio_Armani/Armani_Prive__Rouge_Malachite,8.1,774,Unisex
Acqua di Sale,Profumum Roma,https://www.parfumo.com/Perfumes/Profumum_Roma/Acqua_di_Sale,7.8,1002,Unisex
1957,Chanel,https://www.parfumo.com/Perfumes/Chanel/1957,8.3,662,Unisex
Spongebob Squarepants - Spongebob,Petite Beaute,https://www.parfumo.com/Perfumes/Petite_Beaute/Spongebob_Squarepants__Spongebob,9.4,300,Unisex
Star Musk,Xerjoff,https://www.parfumo.com/Perfumes/Xerjoff/star-musk,8.1,779,Unisex
Bohemian Lime,Goldfield & Banks,https://www.parfumo.com/Perfumes/Goldfield__Banks/bohemian-lime,7.8,944,Unisex
Liwa  Extrait de Parfum,Widian,https://www.parfumo.com/Perfumes/Widian/liwa-extrait-de-parfum,8.3,627,Unisex
Encens Suave  Eau de Parfum,Matière Première,https://www.parfumo.com/Perfumes/matiere-premiere/encens-suave-eau-de-parfum,8.0,781,Unisex
Intense Cedrat Boise,Mancera,https://www.parfumo.com/Perfumes/Mancera/intense-cedrat-boise,8.0,829,Unisex
Sycomore (2016)  Eau de Parfum,Chanel,https://www.parfumo.com/Perfumes/Chanel/Les_Exclusifs_de_Chanel__Sycomore_Eau_de_Parfum,8.3,641,Unisex
Vanille Havane  Eau de Parfum,Les Indémodables,https://www.parfumo.com/Perfumes/Les_Indemodables/vanille-havane-eau-de-parfum,8.4,593,Unisex
Dans Paris,Celine,https://www.parfumo.com/Perfumes/Celine/dans-paris,8.3,613,Unisex
Italica,Casamorati,https://www.parfumo.com/Perfumes/casamorati/italica,7.5,1264,Unisex
Tobacco Honey,Guerlain,https://www.parfumo.com/Perfumes/Guerlain/tobacco-honey,7.8,927,Unisex
Taklamakan,Stéphane Humbert Lucas,https://www.parfumo.com/Perfumes/Stephane_Humbert_Lucas/Taklamakan,8.2,671,Unisex
Sweetie Aoud,Roja Parfums,https://www.parfumo.com/Perfumes/Roja_Parfums/Sweetie_Aoud,8.2,664,Unisex
Chocolate Greedy,Montale,https://www.parfumo.com/Perfumes/Montale/Chocolate_Greedy,7.6,1140,Unisex
Tardes  Eau de Parfum,Carner,https://www.parfumo.com/Perfumes/Carner/tardes-eau-de-parfum,7.9,860,Unisex
Ateeq,Nusuk,https://www.parfumo.com/Perfumes/nusuk/ateeq,8.7,466,Unisex
Haramain Amber Oud Gold Edition,Al Haramain,https://www.parfumo.com/Perfumes/Al_Haramain/haramain-amber-oud-gold-edition,8.1,726,Unisex
Orange Sanguine,Atelier Cologne,https://www.parfumo.com/Perfumes/Atelier_Cologne/Orange_Sanguine_Cologne,7.8,920,Unisex
New York  Extrait de Parfum,Widian,https://www.parfumo.com/Perfumes/Widian/new-york-extrait-de-parfum,8.2,661,Unisex
Silky Woods,Goldfield & Banks,https://www.parfumo.com/Perfumes/Goldfield__Banks/silky-woods,7.8,890,Unisex
Cargo de Nuit,Prada,https://www.parfumo.com/Perfumes/Prada/cargo-de-nuit,8.5,526,Unisex
Neroli Portofino  Eau de Parfum,Tom Ford,https://www.parfumo.com/Perfumes/Tom_Ford/Neroli_Portofino_Eau_de_Parfum,7.4,1290,Unisex
Symphony,Louis Vuitton,https://www.parfumo.com/Perfumes/Louis_Vuitton/symphony,8.5,532,Unisex
Ana Abiyedh  Eau de Parfum,Lattafa,https://www.parfumo.com/Perfumes/Lattafa/ana-abiyedh-eau-de-parfum,7.5,1167,Unisex
Confetto,Profumum Roma,https://www.parfumo.com/Perfumes/Profumum_Roma/Confetto,8.0,765,Unisex
Deified Tony Iommi,Xerjoff,https://www.parfumo.com/Perfumes/Xerjoff/deified-tony-iommi,8.1,680,Unisex
Quattro Pizzi,Casamorati,https://www.parfumo.com/Perfumes/casamorati/quattro-pizzi,7.9,825,Unisex
Eilish  Eau de Parfum,Billie Eilish,https://www.parfumo.com/Perfumes/billie-eilish/eilish-eau-de-parfum,7.7,958,Unisex
Art of Nature II,Lattafa Pride,https://www.parfumo.com/Perfumes/lattafa-pride/art-of-nature-ii,8.6,491,Unisex
Carnal Flower  Eau de Parfum,Editions de Parfums Frédéric Malle,https://www.parfumo.com/Perfumes/Editions_de_Parfum_Frederic_Malle/carnal-flower-eau-de-parfum,7.9,783,Unisex
Ambra Calabria,Nishane,https://www.parfumo.com/Perfumes/Nishane/Ambra_Calabria,7.9,781,Unisex
Bee,Zoologist,https://www.parfumo.com/Perfumes/Zoologist/bee,7.9,817,Unisex
Ishq Special,Anfas,https://www.parfumo.com/Perfumes/Anfas/ishq-special,9.0,360,Unisex
Gaultier² (2022),Jean Paul Gaultier,https://www.parfumo.com/Perfumes/Jean_Paul_Gaultier/gaultier-2022,8.4,566,Unisex
Delphinus,Creed,https://www.parfumo.com/Perfumes/Creed/delphinus,8.1,668,Unisex
Vanitas,Profumum Roma,https://www.parfumo.com/Perfumes/Profumum_Roma/Vanitas,8.0,745,Unisex
Giardino di Boboli,Roberto Ugolini,https://www.parfumo.com/Perfumes/Roberto_Ugolini/giardino-di-boboli,7.7,914,Unisex
Teriaq Intense /ترياق,Lattafa,https://www.parfumo.com/Perfumes/Lattafa/teriaq-intense,8.3,595,Unisex
Plum Japonais,Tom Ford,https://www.parfumo.com/Perfumes/Tom_Ford/Plum_Japonais,8.3,585,Unisex
Eau des Missions,Le Couvent,https://www.parfumo.com/Perfumes/le-couvent/Eau_des_Missions,7.9,811,Unisex
Whispers in the Library,Maison Margiela,https://www.parfumo.com/Perfumes/Maison_Margiela/whispers-in-the-library,7.9,808,Unisex
Ambre  Eau de Parfum,Les Eaux Primordiales,https://www.parfumo.com/Perfumes/Les_Eaux_Primordiales/ambre-eau-de-parfum,8.4,551,Unisex
Sublime Vanille,Creed,https://www.parfumo.com/Perfumes/Creed/sublime-vanille,8.2,597,Unisex
Tihota,Indult,https://www.parfumo.com/Perfumes/Indult/Tihota,8.3,552,Unisex
Boundless,Amouage,https://www.parfumo.com/Perfumes/Amouage/boundless,8.1,649,Unisex
Bergamote 22  Eau de Parfum,Le Labo,https://www.parfumo.com/Perfumes/Le_Labo/Bergamote_22_Eau_de_Parfum,7.9,750,Unisex
Guidance 46,Amouage,https://www.parfumo.com/Perfumes/Amouage/guidance-46,8.4,541,Unisex
Angels' Share Paradis,Kilian,https://www.parfumo.com/Perfumes/Kilian/angels-share-paradis,8.3,544,Unisex
Tubéreuse Astrale,Maison Crivelli,https://www.parfumo.com/Perfumes/Maison_Crivelli/tubereuse-astrale,8.1,682,Unisex
Honor & Glory,Lattafa,https://www.parfumo.com/Perfumes/Lattafa/honor-glory,7.5,1062,Unisex
Armani Privé - Oud Royal,Giorgio Armani,https://www.parfumo.com/Perfumes/Giorgio_Armani/Armani_Prive_Oud_Royal,8.2,588,Unisex
Kobe,Xerjoff,https://www.parfumo.com/Perfumes/Xerjoff/kobe,7.7,885,Unisex
Orion  Extrait de Parfum,Tiziana Terenzi,https://www.parfumo.com/Perfumes/Tiziana_Terenzi/orion-extrait-de-parfum,7.9,748,Unisex
Fleur du Désert,Louis Vuitton,https://www.parfumo.com/Perfumes/Louis_Vuitton/fleur-du-desert,8.1,643,Unisex
Apple Brandy on the Rocks,Kilian,https://www.parfumo.com/Perfumes/Kilian/apple-brandy-on-the-rocks,7.9,734,Unisex
Aswan,Widian,https://www.parfumo.com/Perfumes/Widian/aswan,8.4,517,Unisex
Bitter Peach  Eau de Parfum,Tom Ford,https://www.parfumo.com/Perfumes/Tom_Ford/bitter-peach-eau-de-parfum,7.3,1195,Unisex
Sacred Bond  Extrait de Parfum,Reinvēnted,https://www.parfumo.com/Perfumes/reinvented/sacred-bond-extrait-de-parfum,8.9,362,Unisex
Timbuktu,L'Artisan Parfumeur,https://www.parfumo.com/Perfumes/LArtisan_Parfumeur/Timbuktu,7.8,794,Unisex
Ambre 114,Histoires de Parfums,https://www.parfumo.com/Perfumes/Histoires_de_Parfums/Ambre_114,8.0,661,Unisex
Psychédélique,Jovoy,https://www.parfumo.com/Perfumes/Jovoy/psychedelique,7.9,709,Unisex
Nebras,Lattafa Pride,https://www.parfumo.com/Perfumes/lattafa-pride/nebras,7.9,718,Unisex
AnOther 13  Eau de Parfum,Le Labo,https://www.parfumo.com/Perfumes/Le_Labo/AnOther_13,7.5,1027,Unisex
Purple Flamingo,Marc Gebauer,https://www.parfumo.com/Perfumes/marc-gebauer/purple-flamingo,7.8,795,Unisex
Raghba  Eau de Parfum,Lattafa,https://www.parfumo.com/Perfumes/Lattafa/raghba-eau-de-parfum,7.6,932,Unisex
Patchouly,Profumum Roma,https://www.parfumo.com/Perfumes/Profumum_Roma/Patchouly,8.2,574,Unisex
Purple Accento,Xerjoff,https://www.parfumo.com/Perfumes/Xerjoff/Purple_Accento,8.2,595,Unisex
Féminité du bois,Serge Lutens,https://www.parfumo.com/Perfumes/Serge_Lutens/Feminite_du_Bois,7.7,821,Unisex
Eau d'Ombré Leather,Tom Ford,https://www.parfumo.com/Perfumes/Tom_Ford/eau-d-ombre-leather,8.2,567,Unisex
Petit Matin,Maison Francis Kurkdjian,https://www.parfumo.com/Perfumes/Maison_Francis_Kurkdjian/Petit_Matin,7.7,858,Unisex
Ambra Aurea,Profumum Roma,https://www.parfumo.com/Perfumes/Profumum_Roma/Ambra_Aurea,8.2,560,Unisex
Dulcis in Fundo,Profumum Roma,https://www.parfumo.com/Perfumes/Profumum_Roma/Dulcis_in_Fundo,8.0,647,Unisex
Jardins de Misfah  Eau de Parfum,Une Nuit Nomade,https://www.parfumo.com/Perfumes/Une_Nuit_Nomade/jardins-de-misfah-eau-de-parfum,8.0,665,Unisex
Gold Fair in Mayfair,Atkinsons,https://www.parfumo.com/Perfumes/Atkinsons/Gold_Fair_in_Mayfair,8.4,497,Unisex
Rahaba,Anfas,https://www.parfumo.com/Perfumes/Anfas/Rahaba,8.2,569,Unisex
Soleil Neige  Eau de Parfum,Tom Ford,https://www.parfumo.com/Perfumes/Tom_Ford/soleil-neige,8.0,643,Unisex
Mugler Cologne,Mugler,https://www.parfumo.com/Perfumes/mugler/Mugler_Cologne,7.7,821,Unisex
Coffee Addict,Theodoros Kalotinis,https://www.parfumo.com/Perfumes/theodoros-kalotinis/coffee-addict,7.9,675,Unisex
Villa Néroli,bdk Parfums,https://www.parfumo.com/Perfumes/bdk_Parfums/villa-neroli,8.1,600,Unisex
L'Eau d'Hiver,Editions de Parfums Frédéric Malle,https://www.parfumo.com/Perfumes/Editions_de_Parfum_Frederic_Malle/L_Eau_d_Hiver,7.9,687,Unisex
Ébène Fumé  Eau de Parfum,Tom Ford,https://www.parfumo.com/Perfumes/Tom_Ford/ebene-fume-eau-de-parfum,8.0,660,Unisex
Black IV,Widian,https://www.parfumo.com/Perfumes/Widian/black-iv,8.5,426,Unisex
Rolling in Love,Kilian,https://www.parfumo.com/Perfumes/Kilian/rolling-in-love,7.9,689,Unisex
Andalusian Soul,The Merchant Of Venice,https://www.parfumo.com/Perfumes/The_Merchant_Of_Venice/Andalusian_Soul,8.0,616,Unisex
Ardent  Eau de Parfum,Boadicea the Victorious,https://www.parfumo.com/Perfumes/Boadicea_the_Victorious/ardent-eau-de-parfum,8.4,469,Unisex
Fiore d'Ulivo  Eau de Parfum,Casamorati,https://www.parfumo.com/Perfumes/casamorati/fiore-d-ulivo-eau-de-parfum,7.8,723,Unisex
4.1 Le Musc & La Peau,Pierre Guillaume,https://www.parfumo.com/Perfumes/Pierre_Guillaume/Le_Musc__La_Peau_No_4_1,8.0,621,Unisex
Shine Despite Everything,Atkinsons,https://www.parfumo.com/Perfumes/Atkinsons/shine-despite-everything,8.4,461,Unisex
Anelo,pernoire,https://www.parfumo.com/Perfumes/pernoire/anelo,8.4,464,Unisex
Series 3: Incense - Kyoto,Comme des Garçons,https://www.parfumo.com/Perfumes/Comme_des_Garons/Series_3_Incense_Kyoto,8.0,613,Unisex
Concentré d'Orange Verte,Hermès,https://www.parfumo.com/Perfumes/Hermes/Concentree_d_Orange_Verte,8.0,619,Unisex
Blamage  Extrait de Parfum,Nasomatto,https://www.parfumo.com/Perfumes/Nasomatto/Blamage,7.8,724,Unisex
Cardinal,Heeley,https://www.parfumo.com/Perfumes/Heeley/Cardinal,8.0,608,Unisex
Eau de Rhubarbe Écarlate,Hermès,https://www.parfumo.com/Perfumes/Hermes/Eau_de_Rhubarbe_Ecarlate,8.0,629,Unisex
Lune Féline  Eau de Parfum,Atelier des Ors,https://www.parfumo.com/Perfumes/Atelier_des_Ors/lune-feline-eau-de-parfum,7.9,653,Unisex
French Defense,Mind Games,https://www.parfumo.com/Perfumes/mind-games/french-defense,8.1,558,Unisex
Costa Azzurra  Eau de Parfum,Tom Ford,https://www.parfumo.com/Perfumes/Tom_Ford/Costa_Azzurra_Eau_de_Parfum,7.6,881,Unisex
White Suede  Eau de Parfum,Tom Ford,https://www.parfumo.com/Perfumes/Tom_Ford/White_Suede,8.0,622,Unisex
Armani Privé - Thé Yulong,Giorgio Armani,https://www.parfumo.com/Perfumes/Giorgio_Armani/armani-prive-the-yulong,8.2,534,Unisex
Infusion d'Iris (2015)  Eau de Parfum,Prada,https://www.parfumo.com/Perfumes/Prada/Infusion_d_Iris_Eau_de_Parfum_2015,8.1,559,Unisex
Oud Stallion,Maison Crivelli,https://www.parfumo.com/Perfumes/Maison_Crivelli/oud-stallion,8.1,542,Unisex
Dark Vanilla,Montale,https://www.parfumo.com/Perfumes/Montale/dark-vanilla,8.1,569,Unisex
Mandorle  Extrait de Parfum,Sora Dora,https://www.parfumo.com/Perfumes/sora-dora/mandorle-extrait-de-parfum,8.1,551,Unisex
Al Nashama - Caprice,Lattafa,https://www.parfumo.com/Perfumes/Lattafa/al-nashama-caprice,8.0,588,Unisex
Pas Ce Soir  Eau de Parfum,bdk Parfums,https://www.parfumo.com/Perfumes/bdk_Parfums/pas-ce-soir-eau-de-parfum,7.7,787,Unisex
Fleur Narcotique  Eau de Parfum,Ex Nihilo,https://www.parfumo.com/Perfumes/Ex_Nihilo/fleur-narcotique-eau-de-parfum,7.9,650,Unisex
Armani Privé - Rose d'Arabie,Giorgio Armani,https://www.parfumo.com/Perfumes/Giorgio_Armani/Armani_Prive_Rose_d_Arabie,8.0,602,Unisex
Oud Ispahan  Eau de Parfum,Dior,https://www.parfumo.com/Perfumes/Dior/oud-ispahan-eau-de-parfum,7.6,833,Unisex
Infusion d'Amande,Prada,https://www.parfumo.com/Perfumes/Prada/Infusion_d_Amande,8.2,518,Unisex
Limited 71 - 2022 Edition,Widian,https://www.parfumo.com/Perfumes/Widian/limited-71-2022-edition,9.1,287,Unisex
Néroli Amara,Van Cleef & Arpels,https://www.parfumo.com/Perfumes/Van_Cleef_Arpels/neroli-amara,8.2,514,Unisex
Parfum de la Nuit,Roja Parfums,https://www.parfumo.com/Perfumes/Roja_Parfums/parfum-de-la-nuit-parfum-de-la-nuit-3,8.7,359,Unisex
Oud  Eau de Parfum,Maison Francis Kurkdjian,https://www.parfumo.com/Perfumes/Maison_Francis_Kurkdjian/Oud,7.7,763,Unisex
Bal d'Afrique  Absolu de Parfum,Byredo,https://www.parfumo.com/Perfumes/Byredo/bal-d-afrique-absolu-de-parfum,8.6,390,Unisex
Liquid Brun Limited Edition,French Avenue,https://www.parfumo.com/Perfumes/french-avenue/liquid-brun-limited-edition,8.8,328,Unisex
Ristretto Intense Cafe,Montale,https://www.parfumo.com/Perfumes/Montale/Ristretto_Intense_Cafe,7.9,619,Unisex
Supremacy in Oud,Afnan Perfumes,https://www.parfumo.com/Perfumes/Afnan_Perfumes/supremacy-in-oud,8.1,558,Unisex
Club de Nuit Sillage  Eau de Parfum,Armaf,https://www.parfumo.com/Perfumes/Armaf/club-de-nuit-sillage-eau-de-parfum,7.3,1048,Unisex
Aoud Vanille,Mancera,https://www.parfumo.com/Perfumes/Mancera/Aoud_Vanille,8.0,576,Unisex
Bigarade Concentrée,Editions de Parfums Frédéric Malle,https://www.parfumo.com/Perfumes/Editions_de_Parfum_Frederic_Malle/Bigarade_Concentree,8.1,562,Unisex
Vanille Fatale,Tom Ford,https://www.parfumo.com/Perfumes/Tom_Ford/Vanille_Fatale,7.9,613,Unisex
Sultan Vetiver,Nishane,https://www.parfumo.com/Perfumes/Nishane/Sultan_Vetiver,7.9,639,Unisex
Armani Privé - Bleu Turquoise,Giorgio Armani,https://www.parfumo.com/Perfumes/Giorgio_Armani/Armani_Prive__Bleu_Turquoise,8.0,600,Unisex
4. Montabaco Intensivo,Ormonde Jayne,https://www.parfumo.com/Perfumes/Ormonde_Jayne/4_Montabaco_Intensivo,8.3,479,Unisex
Bleecker Street,Bond No. 9,https://www.parfumo.com/Perfumes/Bond_No_9/Bleecker_Street,7.6,784,Unisex
Scarlet Poppy,Jo Malone,https://www.parfumo.com/Perfumes/Jo_Malone/scarlet-poppy,8.0,560,Unisex
Mortal Skin,Stéphane Humbert Lucas,https://www.parfumo.com/Perfumes/Stephane_Humbert_Lucas/Mortal_Skin,8.0,584,Unisex
Irish Leather  Eau de Parfum,Memo Paris,https://www.parfumo.com/Perfumes/memo-paris/irish-leather-eau-de-parfum,7.7,721,Unisex
Soie Malaquais,Dries Van Noten,https://www.parfumo.com/Perfumes/dries-van-noten/soie-malaquais,8.1,516,Unisex
724  Eau de Parfum,Maison Francis Kurkdjian,https://www.parfumo.com/Perfumes/Maison_Francis_Kurkdjian/724,7.4,897,Unisex
Tobacolor,Dior,https://www.parfumo.com/Perfumes/Dior/tobacolor,7.7,748,Unisex
Sublime,Aura Perfume,https://www.parfumo.com/Perfumes/aura-perfume/sublime-aura-sublime,8.3,451,Unisex
Bodacious,Boadicea the Victorious,https://www.parfumo.com/Perfumes/Boadicea_the_Victorious/bodacious,8.5,404,Unisex
Moonlight in Heaven,Kilian,https://www.parfumo.com/Perfumes/Kilian/Moonlight_in_Heaven,7.8,695,Unisex
Wūlóng Chá X,Nishane,https://www.parfumo.com/Perfumes/Nishane/wulong-cha-x,8.1,517,Unisex
Dubai - Meydan  Eau de Parfum,The Spirit of Dubai,https://www.parfumo.com/Perfumes/the-spirit-of-dubai/dubai-meydan-eau-de-parfum,8.4,417,Unisex
En Passant,Editions de Parfums Frédéric Malle,https://www.parfumo.com/Perfumes/Editions_de_Parfum_Frederic_Malle/En_Passant,7.8,648,Unisex
Wood Whisper  Eau de Parfum,Ojar,https://www.parfumo.com/Perfumes/ojar/wood-whisper-eau-de-parfum,8.1,525,Unisex
Oud Cadenza,Maison Crivelli,https://www.parfumo.com/Perfumes/Maison_Crivelli/oud-cadenza,8.4,429,Unisex
Resala,Arabian Oud,https://www.parfumo.com/Perfumes/Arabian_Oud/Resala,8.4,408,Unisex
Aqua Media Cologne Forte,Maison Francis Kurkdjian,https://www.parfumo.com/Perfumes/Maison_Francis_Kurkdjian/aqua-media-cologne-forte,7.8,667,Unisex
Fire at Will,Jovoy,https://www.parfumo.com/Perfumes/Jovoy/fire-at-will,8.2,504,Unisex
Freefall - Etruscan Water,Francesca Bianchi,https://www.parfumo.com/Perfumes/Francesca_Bianchi/Freefall__Etruscan_Water,8.0,577,Unisex
Tonka Sarrapia Extrait 75,Guerlain,https://www.parfumo.com/Perfumes/Guerlain/tonka-sarrapia-extrait-75,8.6,355,Unisex
Parisian Musc  Eau de Parfum,Matière Première,https://www.parfumo.com/Perfumes/matiere-premiere/parisian-musc,7.7,724,Unisex
Sacred Bond  Eau de Parfum,Reinvēnted,https://www.parfumo.com/Perfumes/reinvented/sacred-bond-eau-de-parfum,8.5,396,Unisex
Herbes Troublantes,Guerlain,https://www.parfumo.com/Perfumes/Guerlain/herbes-troublantes,8.2,468,Unisex
Aoud,Roja Parfums,https://www.parfumo.com/Perfumes/Roja_Parfums/Aoud,8.2,462,Unisex
Spongebob Squarepants - Patrick,Petite Beaute,https://www.parfumo.com/Perfumes/Petite_Beaute/Spongebob_Squarepants__Patrick,9.6,187,Unisex
Mana,Nishane,https://www.parfumo.com/Perfumes/Nishane/mana,8.4,405,Unisex
Series 3: Incense - Avignon,Comme des Garçons,https://www.parfumo.com/Perfumes/Comme_des_Garons/Series_3_Incense_Avignon,8.0,538,Unisex
17 Rosso Limited Edition,Roberto Ugolini,https://www.parfumo.com/Perfumes/Roberto_Ugolini/17-rosso-limited-edition,8.4,414,Unisex
Black Orchid Parfum,Tom Ford,https://www.parfumo.com/Perfumes/Tom_Ford/black-orchid-parfum,8.1,522,Unisex
Popped Cherry,The Dua Brand,https://www.parfumo.com/Perfumes/the-dua-brand/Popped_Cherry,8.3,453,Unisex
Madawi 40 Years Gold Edition,Arabian Oud,https://www.parfumo.com/Perfumes/Arabian_Oud/madawi-40-years-gold-edition,8.8,320,Unisex
The Hedonist  Eau de Parfum,Ex Nihilo,https://www.parfumo.com/Perfumes/Ex_Nihilo/the-hedonist-eau-de-parfum,8.2,472,Unisex
Un Jardin sur le Toit,Hermès,https://www.parfumo.com/Perfumes/Hermes/Un_Jardin_sur_le_Toit,7.5,818,Unisex
PHI - Une Rose de Kandahar,Tauer Perfumes,https://www.parfumo.com/Perfumes/Tauer/phi-une-rose-de-kandahar-collectible-phi-une-rose-de-kandahar,8.1,511,Unisex
Floriental,Comme des Garçons,https://www.parfumo.com/Perfumes/Comme_des_Garons/Floriental,7.8,636,Unisex
Squid,Zoologist,https://www.parfumo.com/Perfumes/Zoologist/squid,7.6,732,Unisex
Nivea (2015),NIVEA,https://www.parfumo.com/Perfumes/Nivea/Nivea_2015,7.7,687,Unisex
A'mmare  Eau de Parfum,Carthusia,https://www.parfumo.com/Perfumes/Carthusia/a-mmare-eau-de-parfum,7.8,661,Unisex
Arabian King,Marc Gebauer,https://www.parfumo.com/Perfumes/marc-gebauer/arabian-king,7.6,770,Unisex
Mandarino di Sicilia,Acqua di Parma,https://www.parfumo.com/Perfumes/Acqua_di_Parma/mandarino-di-sicilia,8.0,525,Unisex
Crab Apple Blossom,Clive Christian,https://www.parfumo.com/Perfumes/Clive_Christian/crab-apple-blossom,8.1,494,Unisex
Comète,Chanel,https://www.parfumo.com/Perfumes/Chanel/comete,8.1,506,Unisex
La Tulipe  Eau de Parfum,Byredo,https://www.parfumo.com/Perfumes/Byredo/La_Tulipe_Eau_de_Parfum,7.8,639,Unisex
Rose of No Man's Land  Eau de Parfum,Byredo,https://www.parfumo.com/Perfumes/Byredo/Rose_of_No_Man_s_Land_Eau_de_Parfum,7.8,627,Unisex
Original Santal,Creed,https://www.parfumo.com/Perfumes/Creed/Original_Santal,7.5,816,Unisex
Ô Hira,Stéphane Humbert Lucas,https://www.parfumo.com/Perfumes/Stephane_Humbert_Lucas/O_Hira,8.2,451,Unisex
Un bois vanille,Serge Lutens,https://www.parfumo.com/Perfumes/Serge_Lutens/Un_Bois_Vanille,7.4,831,Unisex
Boy,Chanel,https://www.parfumo.com/Perfumes/Chanel/Les_Exclusifs_de_Chanel__Boy,7.9,576,Unisex
Un Jardin en Méditerranée,Hermès,https://www.parfumo.com/Perfumes/Hermes/Un_Jardin_en_Mediterranee,7.7,702,Unisex
Aqua Allegoria Orange Soleia,Guerlain,https://www.parfumo.com/Perfumes/Guerlain/aqua-allegoria-orange-soleia,8.0,525,Unisex
Molecule 02,Escentric Molecules,https://www.parfumo.com/Perfumes/Escentric_Molecules/Molecule_02,7.6,734,Unisex
Choco Musk  Eau de Parfum,Al Rehab,https://www.parfumo.com/Perfumes/Al_Rehab/choco-musk-eau-de-parfum,7.7,671,Unisex
Cassiopea  Extrait de Parfum,Tiziana Terenzi,https://www.parfumo.com/Perfumes/Tiziana_Terenzi/cassiopea-extrait-de-parfum,8.0,546,Unisex
Silver Musk  Extrait de Parfum,Nasomatto,https://www.parfumo.com/Perfumes/Nasomatto/Silver_Musk,7.8,622,Unisex
Beach Walk,Maison Margiela,https://www.parfumo.com/Perfumes/Maison_Margiela/beach-walk,7.2,1049,Unisex
Tempo,Diptyque,https://www.parfumo.com/Perfumes/Diptyque/Tempo,7.9,562,Unisex
L'Humaniste,Frapin,https://www.parfumo.com/Perfumes/Frapin/L_Humaniste,8.1,505,Unisex
Acqua Viva,Profumum Roma,https://www.parfumo.com/Perfumes/Profumum_Roma/Acqua_Viva,8.0,538,Unisex
The Dark Side  Extrait de Parfum,Francesca Bianchi,https://www.parfumo.com/Perfumes/Francesca_Bianchi/the-dark-side-extrait-de-parfum,7.9,582,Unisex
Mirto di Panarea,Acqua di Parma,https://www.parfumo.com/Perfumes/Acqua_di_Parma/mirto-di-panarea,7.5,761,Unisex
Fève Gourmande,Guerlain,https://www.parfumo.com/Perfumes/Guerlain/feve-gourmande,8.3,422,Unisex
Yaringa,Parfums d'Elmar,https://www.parfumo.com/Perfumes/Parfums_dElmar/yaringa,8.0,521,Unisex
United Arab Emirates,Roja Parfums,https://www.parfumo.com/Perfumes/Roja_Parfums/united-arab-emirates,8.5,366,Unisex
Santal Complet,Fragrance Du Bois,https://www.parfumo.com/Perfumes/Fragrance_Du_Bois/santal-complet,7.9,562,Unisex
The Night,Editions de Parfums Frédéric Malle,https://www.parfumo.com/Perfumes/Editions_de_Parfum_Frederic_Malle/the-night,8.2,459,Unisex
Blanche  Eau de Parfum,Byredo,https://www.parfumo.com/Perfumes/Byredo/Blanche_Eau_de_Parfum,7.1,1063,Unisex
Nothing but Sea and Sky,Une Nuit Nomade,https://www.parfumo.com/Perfumes/Une_Nuit_Nomade/nothing-but-sea-and-sky,7.6,695,Unisex
Bois Mystérieux,Guerlain,https://www.parfumo.com/Perfumes/Guerlain/Bois_Mysterieux_Songe_d_un_Bois_d_Ete,8.0,499,Unisex
Infusion d'Iris Cèdre,Prada,https://www.parfumo.com/Perfumes/Prada/Infusion_d_Iris_Cedre,8.0,502,Unisex
Smoking Hot,Kilian,https://www.parfumo.com/Perfumes/Kilian/smoking-hot,8.0,511,Unisex
Cactus Garden,Louis Vuitton,https://www.parfumo.com/Perfumes/Louis_Vuitton/Cactus_Garden,8.0,507,Unisex
Note de Yuzu,Heeley,https://www.parfumo.com/Perfumes/Heeley/Note_de_Yuzu,7.9,556,Unisex
Kropp Och Själ,Pana Dora,https://www.parfumo.com/Perfumes/pana-dora/kropp-och-sjal,8.0,521,Unisex
Honey Aoud,Montale,https://www.parfumo.com/Perfumes/Montale/Honey_Aoud,7.8,588,Unisex
III-IV Tango,Masque,https://www.parfumo.com/Perfumes/Masque/IIIV_Tango,8.2,447,Unisex
Blackberry & Bay  Cologne,Jo Malone,https://www.parfumo.com/Perfumes/Jo_Malone/Blackberry__Bay,7.9,564,Unisex
Beige  Eau de Parfum,Chanel,https://www.parfumo.com/Perfumes/Chanel/Les_Exclusifs_de_Chanel__Beige_Eau_de_Parfum,8.0,487,Unisex
Thé Matcha 26,Le Labo,https://www.parfumo.com/Perfumes/Le_Labo/the-matcha-26,7.9,549,Unisex
California Dream,Louis Vuitton,https://www.parfumo.com/Perfumes/Louis_Vuitton/california-dream,7.7,651,Unisex
Lazy Sunday Morning  Eau de Toilette,Maison Margiela,https://www.parfumo.com/Perfumes/Maison_Margiela/lazy-sunday-morning-eau-de-toilette,7.1,1062,Unisex
Vinegia 21,The Merchant Of Venice,https://www.parfumo.com/Perfumes/The_Merchant_Of_Venice/vinegia-21,8.5,339,Unisex
Molecule 01 + Iris,Escentric Molecules,https://www.parfumo.com/Perfumes/Escentric_Molecules/molecule-01-iris,8.0,494,Unisex
Spirito Fiorentino,Tiziana Terenzi,https://www.parfumo.com/Perfumes/Tiziana_Terenzi/Spirito_Fiorentino,7.6,664,Unisex
Tam Dao  Eau de Parfum,Diptyque,https://www.parfumo.com/Perfumes/Diptyque/Tam_Dao_Eau_de_Parfum,7.7,608,Unisex
Mandarino di Amalfi Acqua,Tom Ford,https://www.parfumo.com/Perfumes/Tom_Ford/Mandarino_di_Amalfi_Acqua,8.1,464,Unisex
Nasheet,Lattafa,https://www.parfumo.com/Perfumes/Lattafa/nasheet,8.0,494,Unisex
78 Vintage Green,Banana Republic,https://www.parfumo.com/Perfumes/Banana_Republic/Icon__78_Vintage_Green,7.9,538,Unisex
Shaghaf Oud Ahmar  Eau de Parfum,Swiss Arabian,https://www.parfumo.com/Perfumes/Swiss_Arabian/shaghaf-oud-ahmar-eau-de-parfum,8.1,472,Unisex
J'Ose (2011)  Eau de Parfum,Eisenberg,https://www.parfumo.com/Perfumes/Eisenberg/j-ose-2011-eau-de-parfum,8.0,496,Unisex
Choco Musk  Concentrated Perfume,Al Rehab,https://www.parfumo.com/Perfumes/Al_Rehab/choco-musk-concentrated-perfume,8.3,397,Unisex
Le Jardin de Monsieur Li,Hermès,https://www.parfumo.com/Perfumes/Hermes/Le_Jardin_de_Monsieur_Li,7.5,727,Unisex
Oud Nude,Guerlain,https://www.parfumo.com/Perfumes/Guerlain/oud-nude,8.1,465,Unisex
Search,Amouage,https://www.parfumo.com/Perfumes/Amouage/search,7.8,594,Unisex
Iris Malikhân,Maison Crivelli,https://www.parfumo.com/Perfumes/Maison_Crivelli/iris-malikhan,7.8,576,Unisex
Cherry Smoke,Tom Ford,https://www.parfumo.com/Perfumes/Tom_Ford/cherry-smoke,7.8,553,Unisex
Moonlight Patchouli,Van Cleef & Arpels,https://www.parfumo.com/Perfumes/Van_Cleef_Arpels/moonlight-patchouli,8.0,494,Unisex
Genetic Bliss,27 87 Perfumes,https://www.parfumo.com/Perfumes/27_87_Perfumes/Genetic_Bliss,7.7,604,Unisex
Sunset Hour,Goldfield & Banks,https://www.parfumo.com/Perfumes/Goldfield__Banks/sunset-hour,7.5,717,Unisex
